--------------------------------------------------------------------------------
      name:  <unnamed>
       log:  F:\OneDrive - southalabama.edu\covid_religion\results/table2_v6.log
  log type:  text
 opened on:  19 Aug 2025, 14:52:57

. 
. *==========================================================
. * all counties
. *==========================================================
. ** independent variables to macro
. local ivs_allcounty trump income1000 uninsur coll pcthis pctbla pctwhi pctasi

. 
. ** all counties model
. use "$data/resdata_all_counties_with_newvars.dta", clear

. 
. xtset countynum monthly
       panel variable:  countynum (unbalanced)
        time variable:  monthly, 2021m2 to 2022m10
                delta:  1 month

. gen loginsur = log(insur)

. gen stfips = substr(countyfips, 1, 2)

. destring stfips, replace
stfips: all characters numeric; replaced as byte

. xtnbreg mr `ivs_allcounty' i.b1.met i.monthly i.stfips i.region, pa vce(robust
> )
note: 2.region omitted because of collinearity
note: 3.region omitted because of collinearity
note: 4.region omitted because of collinearity

Iteration 1: tolerance = .01292472
Iteration 2: tolerance = .00194776
Iteration 3: tolerance = .00028076
Iteration 4: tolerance = .00004359
Iteration 5: tolerance = 6.474e-06
Iteration 6: tolerance = 1.014e-06
Iteration 7: tolerance = 1.527e-07

GEE population-averaged model                   Number of obs     =     64,984
Group variable:                  countynum      Number of groups  =      3,101
Link:                                  log      Obs per group:
Family:             negative binomial(k=1)                    min =         11
Correlation:                  exchangeable                    avg =       21.0
                                                              max =         21
                                                Wald chi2(76)     =  101857.07
Scale parameter:                         1      Prob > chi2       =     0.0000

                              (Std. Err. adjusted for clustering on countynum)
------------------------------------------------------------------------------
             |             Semirobust
          mr |      Coef.   Std. Err.      z    P>|z|     [95% Conf. Interval]
-------------+----------------------------------------------------------------
       trump |  -.9373656   .0706741   -13.26   0.000    -1.075884    -.798847
  income1000 |   .0011118   .0008638     1.29   0.198    -.0005811    .0028048
     uninsur |  -.8277265   .4094788    -2.02   0.043     -1.63029   -.0251628
        coll |   .2583326   .0973614     2.65   0.008     .0675078    .4491573
      pcthis |   .2711864   .0698199     3.88   0.000     .1343419    .4080308
      pctbla |  -.9204015   .1563622    -5.89   0.000    -1.226866   -.6139371
      pctwhi |  -.5019624   .1212047    -4.14   0.000    -.7395192   -.2644055
      pctasi |  -.8781607   .2630713    -3.34   0.001    -1.393771   -.3625505
             |
       metro |
  Non-metro  |    .009657   .0127205     0.76   0.448    -.0152747    .0345887
             |
     monthly |
        734  |   .3317181   .0110419    30.04   0.000     .3100764    .3533598
        735  |   .5637239   .0117553    47.95   0.000     .5406839    .5867638
        736  |  -.0408806    .015709    -2.60   0.009    -.0716698   -.0100914
        737  |  -.6025763   .0147593   -40.83   0.000    -.6315041   -.5736485
        738  |  -1.251664   .0147368   -84.93   0.000    -1.280547    -1.22278
        739  |  -.7690465   .0299516   -25.68   0.000    -.8277506   -.7103424
        740  |  -.3035333    .028766   -10.55   0.000    -.3599136    -.247153
        741  |  -.0114195   .0413505    -0.28   0.782     -.092465     .069626
        742  |  -1.437976   .0163361   -88.02   0.000    -1.469994   -1.405957
        743  |  -.0661789   .0462042    -1.43   0.152    -.1567374    .0243797
        744  |  -.8470572   .0381248   -22.22   0.000    -.9217803    -.772334
        745  |  -1.829935   .0166585  -109.85   0.000    -1.862585   -1.797285
        746  |  -2.439728   .0201865  -120.86   0.000    -2.479293   -2.400163
        747  |  -2.551128   .0214835  -118.75   0.000    -2.593235   -2.509021
        748  |  -2.733207   .0220738  -123.82   0.000    -2.776471   -2.689944
        749  |  -2.379284   .0214504  -110.92   0.000    -2.421326   -2.337242
        750  |   -1.20323   .0229577   -52.41   0.000    -1.248226   -1.158233
        751  |  -1.130247   .0203947   -55.42   0.000     -1.17022   -1.090274
        752  |  -1.239339   .0211107   -58.71   0.000    -1.280715   -1.197963
        753  |  -.7862708   .0242342   -32.44   0.000    -.8337689   -.7387727
             |
      stfips |
          4  |    .071784    .067589     1.06   0.288     -.060688     .204256
          5  |   .0797685   .0272953     2.92   0.003     .0262706    .1332664
          6  |  -.2436191   .0741908    -3.28   0.001    -.3890305   -.0982077
          8  |  -.0465922   .0417797    -1.12   0.265     -.128479    .0352946
          9  |   .0947132   .0441928     2.14   0.032      .008097    .1813295
         10  |   .0984335   .0590128     1.67   0.095    -.0172294    .2140964
         12  |   .0811819   .0269504     3.01   0.003     .0283601    .1340038
         13  |   .0563471   .0836213     0.67   0.500    -.1075476    .2202419
         16  |   .0150649   .0348672     0.43   0.666    -.0532736    .0834034
         17  |   .1191921   .0354194     3.37   0.001     .0497713    .1886128
         18  |  -.0250396   .0303892    -0.82   0.410    -.0846013     .034522
         19  |  -.0156149   .0350827    -0.45   0.656    -.0843758    .0531459
         20  |   .0302412   .0350654     0.86   0.388    -.0384857     .098968
         21  |    .073735   .0334719     2.20   0.028     .0081312    .1393387
         22  |   .0416924   .0300436     1.39   0.165    -.0171921    .1005768
         23  |   .1932345   .0357385     5.41   0.000     .1231882    .2632807
         24  |    .126705   .0295872     4.28   0.000     .0687151    .1846949
         25  |  -.0211143   .0545494    -0.39   0.699    -.1280292    .0858006
         26  |  -.0389536   .0370125    -1.05   0.293    -.1114968    .0335895
         27  |    .011318   .0364772     0.31   0.756    -.0601761     .082812
         28  |   .1408243    .028921     4.87   0.000     .0841401    .1975085
         29  |   -.062848   .0281055    -2.24   0.025    -.1179338   -.0077622
         30  |   -.092717   .0430078    -2.16   0.031    -.1770108   -.0084232
         31  |  -.1200136   .0322722    -3.72   0.000    -.1832659   -.0567613
         32  |  -.1327203   .0525438    -2.53   0.012    -.2357043   -.0297363
         33  |   .2446832   .0456738     5.36   0.000     .1551641    .3342022
         34  |   .0526518   .0375554     1.40   0.161    -.0209554     .126259
         35  |  -.0637264   .0702431    -0.91   0.364    -.2014004    .0739476
         36  |   .0562788   .0404718     1.39   0.164    -.0230445    .1356021
         37  |   .2291124   .0245472     9.33   0.000     .1810007     .277224
         38  |  -.0844831   .0395531    -2.14   0.033    -.1620058   -.0069604
         39  |  -.0146543   .0300989    -0.49   0.626     -.073647    .0443383
         40  |  -.0165409   .0304444    -0.54   0.587    -.0762108    .0431291
         41  |  -.0288134   .0406343    -0.71   0.478    -.1084551    .0508283
         42  |   .1761572   .0342495     5.14   0.000     .1090295    .2432849
         44  |   .0942418    .052142     1.81   0.071    -.0079546    .1964382
         45  |   .0724879   .0283324     2.56   0.011     .0169574    .1280184
         46  |   .1480373   .0371621     3.98   0.000     .0752009    .2208736
         47  |  -.0281558   .0264478    -1.06   0.287    -.0799926    .0236811
         48  |   .5624811   .0351651    16.00   0.000     .4935588    .6314033
         49  |   .0883853   .0328052     2.69   0.007     .0240882    .1526823
         50  |  -.2093454   .0742663    -2.82   0.005    -.3549047   -.0637861
         51  |  -.1085985   .0319085    -3.40   0.001    -.1711381    -.046059
         53  |  -.0348297   .0445153    -0.78   0.434    -.1220781    .0524187
         54  |   .2260185   .0370839     6.09   0.000     .1533353    .2987016
         55  |    .001637   .0371112     0.04   0.965    -.0710997    .0743736
         56  |  -.0422268   .0378084    -1.12   0.264    -.1163299    .0318763
             |
      region |
    Midwest  |          0  (omitted)
       West  |          0  (omitted)
      South  |          0  (omitted)
             |
       _cons |  -.7866992   .1924619    -4.09   0.000    -1.163918   -.4094809
------------------------------------------------------------------------------

. 
. regsave using "$data/reg_results_all.dta", pval ci replace
file data/reg_results_all.dta saved

. 
. collin `ivs_allcounty' met
(obs=65,103)

  Collinearity Diagnostics

                        SQRT                   R-
  Variable      VIF     VIF    Tolerance    Squared
----------------------------------------------------
     trump      3.02    1.74    0.3307      0.6693
income1000      2.61    1.61    0.3836      0.6164
   uninsur      1.88    1.37    0.5323      0.4677
      coll      3.14    1.77    0.3182      0.6818
    pcthis      1.55    1.24    0.6471      0.3529
    pctbla      4.66    2.16    0.2147      0.7853
    pctwhi      6.17    2.48    0.1620      0.8380
    pctasi      1.91    1.38    0.5235      0.4765
     metro      1.39    1.18    0.7192      0.2808
----------------------------------------------------
  Mean VIF      2.93

                           Cond
        Eigenval          Index
---------------------------------
    1     6.9069          1.0000
    2     0.9503          2.6960
    3     0.8041          2.9308
    4     0.6595          3.2361
    5     0.4211          4.0498
    6     0.1445          6.9126
    7     0.0801          9.2855
    8     0.0203         18.4532
    9     0.0104         25.8074
    10     0.0028         50.0511
---------------------------------
 Condition Number        50.0511 
 Eigenvalues & Cond Index computed from scaled raw sscp (w/ intercept)
 Det(correlation matrix)    0.0087

. return list

scalars:
                 r(cn) =  50.05113736341846
              r(m_vif) =  2.925393839816728

. local meanvif = r(m_vif)

. 
. predict mrhat
(option mu assumed; Exponentiated linear prediction)
(84 missing values generated)

. gen resid2 = (mr - mrhat) ^ 2
(203 missing values generated)

. gen ssr = sum(resid2)

. egen mrmean = mean(mr)

. gen diff2 = (mr - mrmean) ^ 2
(119 missing values generated)

. egen sst = sum(diff2)

. dis 1 - ssr[_N] / sst[_N]
.24804175

. local r2 = 1 - ssr[_N] / sst[_N]

. 
. outreg2 using "$results/table2_v6.doc", replace stats(coef se) ///
>         addstat("Mean VIF", `meanvif', "R2", `r2') drop(i.monthly i.stfips) no
> omit ///
>         label nodepvar ctitle("All counties") ///
>         dec(3) alpha(0.001, 0.01, 0.05) symbol(***, **, *)
results/table2_v6.doc
dir : seeout

. 
. *==========================================================
. * county with different religions
. *==========================================================
. ** independent variables to macro
. local ivs_religion pct2020 trump income1000 uninsur coll pcthis pctbla pctwhi 
> pctasi

. 
. ** Black Protestant
. use "$data/resdata_all_religions_with_newvars.dta", clear

. merge m:1 countyfips year using "$data/county_newvars_racial_composition.dta",
>  gen(mg)

    Result                           # of obs.
    -----------------------------------------
    not matched                             0
    matched                           296,793  (mg==3)
    -----------------------------------------

. tab mg, mi

                     mg |      Freq.     Percent        Cum.
------------------------+-----------------------------------
            matched (3) |    296,793      100.00      100.00
------------------------+-----------------------------------
                  Total |    296,793      100.00

. keep if mg == 3
(0 observations deleted)

. keep if cate == 1
(258,275 observations deleted)

. xtset countynum monthly
       panel variable:  countynum (unbalanced)
        time variable:  monthly, 2021m2 to 2022m10
                delta:  1 month

. gen loginsur = log(insur)

. gen stfips = substr(countyfips, 1, 2)

. destring stfips, replace
stfips: all characters numeric; replaced as byte

. xtnbreg mr `ivs_religion' i.b1.met i.monthly i.stfips i.region, pa vce(robust)
note: 2.region omitted because of collinearity
note: 3.region omitted because of collinearity
note: 4.region omitted because of collinearity

Iteration 1: tolerance = .03075376
Iteration 2: tolerance = .00611532
Iteration 3: tolerance = .00090146
Iteration 4: tolerance = .00012903
Iteration 5: tolerance = .00001769
Iteration 6: tolerance = 2.476e-06
Iteration 7: tolerance = 3.419e-07

GEE population-averaged model                   Number of obs     =     36,327
Group variable:                  countynum      Number of groups  =      1,734
Link:                                  log      Obs per group:
Family:             negative binomial(k=1)                    min =         11
Correlation:                  exchangeable                    avg =       20.9
                                                              max =         21
                                                Wald chi2(76)     =   92411.99
Scale parameter:                         1      Prob > chi2       =     0.0000

                              (Std. Err. adjusted for clustering on countynum)
------------------------------------------------------------------------------
             |             Semirobust
          mr |      Coef.   Std. Err.      z    P>|z|     [95% Conf. Interval]
-------------+----------------------------------------------------------------
     pct2020 |  -.0895394   .1775068    -0.50   0.614    -.4374464    .2583675
       trump |  -.7928504   .0975196    -8.13   0.000    -.9839853   -.6017155
  income1000 |   .0013535     .00136     1.00   0.320    -.0013122    .0040191
     uninsur |  -1.735754   .9311912    -1.86   0.062    -3.560855     .089347
        coll |   .2138845   .1053492     2.03   0.042      .007404    .4203651
      pcthis |   .2010969    .109299     1.84   0.066    -.0131252     .415319
      pctbla |  -.9877348   .3319638    -2.98   0.003    -1.638372   -.3370977
      pctwhi |  -.7205225    .245582    -2.93   0.003    -1.201854   -.2391907
      pctasi |   -1.08051   .2526269    -4.28   0.000     -1.57565   -.5853703
             |
       metro |
  Non-metro  |   .0273597   .0130662     2.09   0.036     .0017505     .052969
             |
     monthly |
        734  |   .2302366   .0125022    18.42   0.000     .2057326    .2547405
        735  |   .5424772    .013117    41.36   0.000     .5167683    .5681861
        736  |  -.0205322   .0183872    -1.12   0.264    -.0565705    .0155061
        737  |  -.5183904   .0183145   -28.30   0.000     -.554286   -.4824947
        738  |  -1.165445   .0160258   -72.72   0.000    -1.196855   -1.134035
        739  |  -.7278185   .0336607   -21.62   0.000    -.7937922   -.6618448
        740  |  -.1158586   .0348719    -3.32   0.001    -.1842064   -.0475109
        741  |   .0408953   .0545981     0.75   0.454    -.0661149    .1479056
        742  |  -1.429543   .0182873   -78.17   0.000    -1.465385     -1.3937
        743  |  -.1141955   .0606931    -1.88   0.060    -.2331517    .0047608
        744  |  -.6067486   .0472016   -12.85   0.000    -.6992621   -.5142352
        745  |  -1.780036    .018465   -96.40   0.000    -1.816227   -1.743845
        746  |  -2.397289   .0216812  -110.57   0.000    -2.439783   -2.354795
        747  |  -2.492771   .0235034  -106.06   0.000    -2.538837   -2.446705
        748  |  -2.722101   .0218085  -124.82   0.000    -2.764845   -2.679357
        749  |  -2.365244   .0232855  -101.58   0.000    -2.410882   -2.319605
        750  |  -1.164305   .0183706   -63.38   0.000    -1.200311   -1.128299
        751  |  -1.040575   .0269252   -38.65   0.000    -1.093347   -.9878021
        752  |  -1.174633   .0243682   -48.20   0.000    -1.222394   -1.126872
        753  |  -.7383427   .0351692   -20.99   0.000    -.8072731   -.6694123
             |
      stfips |
          4  |   .0886313   .0809435     1.09   0.274     -.070015    .2472775
          5  |    .071817   .0415738     1.73   0.084    -.0096661       .1533
          6  |  -.1267768   .1037761    -1.22   0.222    -.3301742    .0766206
          8  |   .0417034   .0547931     0.76   0.447    -.0656892    .1490959
          9  |   .1281581   .0635727     2.02   0.044     .0035578    .2527583
         10  |   .1049539   .0675692     1.55   0.120    -.0274794    .2373872
         12  |   .1402187   .0282739     4.96   0.000     .0848028    .1956346
         13  |   .0870941   .1097167     0.79   0.427    -.1279466    .3021348
         16  |   .0204044   .0737062     0.28   0.782    -.1240571    .1648659
         17  |   .1075596    .055909     1.92   0.054    -.0020201    .2171393
         18  |  -.0365452   .0376244    -0.97   0.331    -.1102876    .0371973
         19  |  -.0043607   .0665801    -0.07   0.948    -.1348553    .1261339
         20  |   .0422272   .0680939     0.62   0.535    -.0912343    .1756887
         21  |   .0605043   .0528439     1.14   0.252    -.0430679    .1640764
         22  |   .0198976   .0312569     0.64   0.524    -.0413647    .0811599
         23  |   .2410144    .047569     5.07   0.000     .1477809     .334248
         24  |   .1133015   .0377334     3.00   0.003     .0393453    .1872576
         25  |  -.0183076   .0887664    -0.21   0.837    -.1922865    .1556713
         26  |  -.0725472   .0570455    -1.27   0.203    -.1843544    .0392599
         27  |   .0015962   .0691397     0.02   0.982    -.1339152    .1371076
         28  |   .1560637   .0415526     3.76   0.000     .0746221    .2375052
         29  |   -.014348   .0356321    -0.40   0.687    -.0841855    .0554896
         30  |   -.020277   .0771116    -0.26   0.793     -.171413     .130859
         31  |  -.0265853   .0656385    -0.41   0.685    -.1552345    .1020639
         32  |  -.0052087    .073013    -0.07   0.943    -.1483116    .1378942
         33  |   .2406131   .0453689     5.30   0.000     .1516918    .3295344
         34  |   .0786657   .0482693     1.63   0.103    -.0159405    .1732718
         35  |   .0341137   .1125034     0.30   0.762     -.186389    .2546164
         36  |   .0628483   .0723994     0.87   0.385    -.0790519    .2047486
         37  |   .2444418    .025548     9.57   0.000     .1943687    .2945149
         38  |  -.0106719   .0746757    -0.14   0.886    -.1570335    .1356897
         39  |  -.0086193     .04434    -0.19   0.846    -.0955242    .0782855
         40  |    .039737   .0385747     1.03   0.303    -.0358681    .1153421
         41  |  -.0372588   .0662636    -0.56   0.574     -.167133    .0926154
         42  |   .1762911   .0515502     3.42   0.001     .0752545    .2773277
         44  |   .0682139    .085851     0.79   0.427    -.1000509    .2364787
         45  |   .0897772   .0290103     3.09   0.002     .0329181    .1466362
         46  |    .274461   .0690284     3.98   0.000     .1391678    .4097542
         47  |   .0013721   .0272625     0.05   0.960    -.0520615    .0548057
         48  |   .5588207    .047246    11.83   0.000     .4662204    .6514211
         49  |   .0791382   .0470858     1.68   0.093    -.0131482    .1714247
         51  |  -.0888837   .0371025    -2.40   0.017    -.1616033   -.0161641
         53  |   .0306776   .0688961     0.45   0.656    -.1043563    .1657114
         54  |   .2534188   .0559843     4.53   0.000     .1436916    .3631459
         55  |   .0121365   .0580803     0.21   0.834    -.1016988    .1259719
         56  |  -.0551903   .0684815    -0.81   0.420    -.1894117    .0790311
             |
      region |
    Midwest  |          0  (omitted)
       West  |          0  (omitted)
      South  |          0  (omitted)
             |
       _cons |  -.6556253   .4119001    -1.59   0.111    -1.462935     .151684
------------------------------------------------------------------------------

. 
. regsave using "$data/reg_results_bp.dta", pval ci replace
(note: file data/reg_results_bp.dta not found)
file data/reg_results_bp.dta saved

. 
. collin `ivs_religion' met
(obs=36,355)

  Collinearity Diagnostics

                        SQRT                   R-
  Variable      VIF     VIF    Tolerance    Squared
----------------------------------------------------
   pct2020      1.97    1.40    0.5073      0.4927
     trump      4.64    2.15    0.2157      0.7843
income1000      3.34    1.83    0.2992      0.7008
   uninsur      1.92    1.39    0.5196      0.4804
      coll      4.33    2.08    0.2311      0.7689
    pcthis      1.89    1.37    0.5304      0.4696
    pctbla     10.45    3.23    0.0957      0.9043
    pctwhi     11.18    3.34    0.0895      0.9105
    pctasi      2.46    1.57    0.4069      0.5931
     metro      1.50    1.23    0.6648      0.3352
----------------------------------------------------
  Mean VIF      4.37

                           Cond
        Eigenval          Index
---------------------------------
    1     7.6062          1.0000
    2     1.2590          2.4579
    3     0.7958          3.0916
    4     0.5865          3.6013
    5     0.3503          4.6601
    6     0.1957          6.2349
    7     0.1141          8.1634
    8     0.0635         10.9422
    9     0.0192         19.9241
    10     0.0078         31.1828
    11     0.0019         63.9968
---------------------------------
 Condition Number        63.9968 
 Eigenvalues & Cond Index computed from scaled raw sscp (w/ intercept)
 Det(correlation matrix)    0.0009

. return list

scalars:
                 r(cn) =  63.99681501923749
              r(m_vif) =  4.367029545903732

. local meanvif = r(m_vif)

. 
. predict mrhat
(option mu assumed; Exponentiated linear prediction)
(2,163 missing values generated)

. gen resid2 = (mr - mrhat) ^ 2
(2,191 missing values generated)

. gen ssr = sum(resid2)

. egen mrmean = mean(mr)

. gen diff2 = (mr - mrmean) ^ 2
(35 missing values generated)

. egen sst = sum(diff2)

. dis 1 - ssr[_N] / sst[_N]
.30618335

. local r2 = 1 - ssr[_N] / sst[_N]

. 
. outreg2 using "$results/table2_v6.doc", append stats(coef se) ///
>         addstat("Mean VIF", `meanvif', "R2", `r2') drop(i.monthly i.stfips) no
> omit ///
>         label nodepvar ctitle("Black Protestant") ///
>         dec(3) alpha(0.001, 0.01, 0.05) symbol(***, **, *)
results/table2_v6.doc
dir : seeout

. 
. ** Catholic
. use "$data/resdata_all_religions_with_newvars.dta", clear

. merge m:1 countyfips year using "$data/county_newvars_racial_composition.dta",
>  gen(mg)

    Result                           # of obs.
    -----------------------------------------
    not matched                             0
    matched                           296,793  (mg==3)
    -----------------------------------------

. tab mg, mi

                     mg |      Freq.     Percent        Cum.
------------------------+-----------------------------------
            matched (3) |    296,793      100.00      100.00
------------------------+-----------------------------------
                  Total |    296,793      100.00

. keep if mg == 3
(0 observations deleted)

. keep if cate == 2
(233,055 observations deleted)

. xtset countynum monthly
       panel variable:  countynum (unbalanced)
        time variable:  monthly, 2021m2 to 2022m10
                delta:  1 month

. gen loginsur = log(insur)

. gen stfips = substr(countyfips, 1, 2)

. destring stfips, replace
stfips: all characters numeric; replaced as byte

. xtnbreg mr `ivs_religion' i.b1.met i.monthly i.stfips i.region, pa vce(robust)
note: 2.region omitted because of collinearity
note: 3.region omitted because of collinearity
note: 4.region omitted because of collinearity

Iteration 1: tolerance = .03284245
Iteration 2: tolerance = .00334927
Iteration 3: tolerance = .00031912
Iteration 4: tolerance = .00005169
Iteration 5: tolerance = 7.664e-06
Iteration 6: tolerance = 1.431e-06
Iteration 7: tolerance = 1.985e-07

GEE population-averaged model                   Number of obs     =     61,211
Group variable:                  countynum      Number of groups  =      2,921
Link:                                  log      Obs per group:
Family:             negative binomial(k=1)                    min =         11
Correlation:                  exchangeable                    avg =       21.0
                                                              max =         21
                                                Wald chi2(77)     =  102743.18
Scale parameter:                         1      Prob > chi2       =     0.0000

                              (Std. Err. adjusted for clustering on countynum)
------------------------------------------------------------------------------
             |             Semirobust
          mr |      Coef.   Std. Err.      z    P>|z|     [95% Conf. Interval]
-------------+----------------------------------------------------------------
     pct2020 |   .1243247   .0564431     2.20   0.028     .0136982    .2349512
       trump |  -.9322766   .0741339   -12.58   0.000    -1.077576   -.7869768
  income1000 |   .0015744   .0005794     2.72   0.007     .0004388    .0027101
     uninsur |  -.4841275   .1996327    -2.43   0.015    -.8754005   -.0928546
        coll |   .2382865   .0929022     2.56   0.010     .0562015    .4203714
      pcthis |   .1933501   .0689256     2.81   0.005     .0582584    .3284417
      pctbla |  -.9061323   .1012495    -8.95   0.000    -1.104578   -.7076869
      pctwhi |  -.5194995   .0956896    -5.43   0.000    -.7070477   -.3319512
      pctasi |  -.9544265   .2264872    -4.21   0.000    -1.398333   -.5105198
             |
       metro |
  Non-metro  |   .0116102   .0109393     1.06   0.289    -.0098304    .0330507
             |
     monthly |
        734  |   .3464562   .0111801    30.99   0.000     .3245435    .3683688
        735  |   .5763308   .0120159    47.96   0.000     .5527801    .5998814
        736  |  -.0257828   .0160752    -1.60   0.109    -.0572895     .005724
        737  |  -.5994873   .0141945   -42.23   0.000    -.6273079   -.5716667
        738  |  -1.260556   .0143105   -88.09   0.000    -1.288604   -1.232508
        739  |  -.7726406   .0308938   -25.01   0.000    -.8331913   -.7120898
        740  |  -.3668273    .028981   -12.66   0.000    -.4236291   -.3100256
        741  |   .0038601   .0426254     0.09   0.928    -.0796841    .0874044
        742  |  -1.440331   .0167959   -85.75   0.000    -1.473251   -1.407412
        743  |  -.0515602   .0473287    -1.09   0.276    -.1443228    .0412025
        744  |  -.9731135   .0382288   -25.45   0.000    -1.048041   -.8981864
        745  |  -1.833567   .0170944  -107.26   0.000    -1.867071   -1.800062
        746  |  -2.439313   .0209485  -116.44   0.000    -2.480371   -2.398254
        747  |  -2.540122   .0221507  -114.67   0.000    -2.583536   -2.496707
        748  |  -2.719269   .0225118  -120.79   0.000    -2.763391   -2.675147
        749  |  -2.376906   .0217582  -109.24   0.000    -2.419551   -2.334261
        750  |  -1.195382   .0237609   -50.31   0.000    -1.241952   -1.148811
        751  |  -1.147294   .0197717   -58.03   0.000    -1.186046   -1.108542
        752  |  -1.234353   .0209955   -58.79   0.000    -1.275503   -1.193202
        753  |  -.7960374   .0218879   -36.37   0.000    -.8389368    -.753138
             |
      stfips |
          4  |   .0850409   .0632319     1.34   0.179    -.0388914    .2089732
          5  |    .097414   .0257476     3.78   0.000     .0469495    .1478784
          6  |  -.2044089   .0616981    -3.31   0.001    -.3253349   -.0834828
          8  |  -.0152948   .0408143    -0.37   0.708    -.0952894    .0646997
          9  |   .0644877   .0398356     1.62   0.105    -.0135885     .142564
         10  |   .1000824    .057861     1.73   0.084    -.0133231    .2134879
         12  |   .0624835   .0283955     2.20   0.028     .0068293    .1181376
         13  |    .010394   .0254848     0.41   0.683    -.0395553    .0603433
         16  |   .0260856   .0385944     0.68   0.499     -.049558    .1017292
         17  |   .1256119   .0319726     3.93   0.000     .0629469     .188277
         18  |  -.0383886   .0297846    -1.29   0.197    -.0967653    .0199882
         19  |  -.0510146   .0305264    -1.67   0.095    -.1108453    .0088161
         20  |   .0128801   .0367042     0.35   0.726    -.0590587    .0848189
         21  |   .0669944   .0279208     2.40   0.016     .0122706    .1217182
         22  |   .0210216   .0325337     0.65   0.518    -.0427432    .0847864
         23  |   .1703865   .0353485     4.82   0.000     .1011046    .2396683
         24  |   .1182413   .0294193     4.02   0.000     .0605805    .1759021
         25  |  -.0279765   .0439973    -0.64   0.525    -.1142096    .0582566
         26  |  -.0797726   .0317999    -2.51   0.012    -.1420992   -.0174459
         27  |  -.0145719   .0316386    -0.46   0.645    -.0765825    .0474387
         28  |   .1078392   .0249511     4.32   0.000     .0589359    .1567426
         29  |  -.0815752   .0309542    -2.64   0.008    -.1422444    -.020906
         30  |  -.1236622   .0432248    -2.86   0.004    -.2083812   -.0389432
         31  |  -.1300605   .0309063    -4.21   0.000    -.1906357   -.0694853
         32  |  -.1504244   .0533264    -2.82   0.005    -.2549422   -.0459066
         33  |   .2875522   .0441743     6.51   0.000     .2009722    .3741322
         34  |   .0321319   .0355341     0.90   0.366    -.0375136    .1017774
         35  |  -.0715834   .0542826    -1.32   0.187    -.1779753    .0348084
         36  |   .0285184   .0325107     0.88   0.380    -.0352013    .0922382
         37  |   .2340774   .0266391     8.79   0.000     .1818656    .2862891
         38  |  -.1291138   .0387306    -3.33   0.001    -.2050245   -.0532032
         39  |  -.0307474   .0281545    -1.09   0.275    -.0859291    .0244344
         40  |  -.0407957   .0325515    -1.25   0.210    -.1045954    .0230041
         41  |  -.0448169   .0340956    -1.31   0.189     -.111643    .0220091
         42  |   .1691728   .0299551     5.65   0.000     .1104619    .2278837
         44  |   .0606468   .0459996     1.32   0.187    -.0295107    .1508043
         45  |   .0637403   .0308709     2.06   0.039     .0032345     .124246
         46  |   .1284304   .0373963     3.43   0.001     .0551349    .2017258
         47  |  -.0202699    .026315    -0.77   0.441    -.0718463    .0313066
         48  |   .5104442   .0352786    14.47   0.000     .4412995     .579589
         49  |   .0792958   .0297957     2.66   0.008     .0208974    .1376943
         50  |  -.2210648   .0702208    -3.15   0.002    -.3586951   -.0834345
         51  |  -.1243707   .0351956    -3.53   0.000    -.1933527   -.0553886
         53  |  -.0373277   .0386547    -0.97   0.334    -.1130896    .0384342
         54  |   .2065089   .0326818     6.32   0.000     .1424537     .270564
         55  |  -.0383188   .0333934    -1.15   0.251    -.1037687     .027131
         56  |  -.0651369   .0385767    -1.69   0.091    -.1407458     .010472
             |
      region |
    Midwest  |          0  (omitted)
       West  |          0  (omitted)
      South  |          0  (omitted)
             |
       _cons |  -.8198474   .1129494    -7.26   0.000    -1.041224   -.5984707
------------------------------------------------------------------------------

. 
. regsave using "$data/reg_results_ca.dta", pval ci replace
(note: file data/reg_results_ca.dta not found)
file data/reg_results_ca.dta saved

. 
. collin `ivs_religion' met
(obs=61,323)

  Collinearity Diagnostics

                        SQRT                   R-
  Variable      VIF     VIF    Tolerance    Squared
----------------------------------------------------
   pct2020      1.52    1.23    0.6592      0.3408
     trump      3.06    1.75    0.3271      0.6729
income1000      2.66    1.63    0.3757      0.6243
   uninsur      1.96    1.40    0.5099      0.4901
      coll      3.20    1.79    0.3127      0.6873
    pcthis      1.88    1.37    0.5311      0.4689
    pctbla      4.36    2.09    0.2292      0.7708
    pctwhi      5.82    2.41    0.1719      0.8281
    pctasi      1.97    1.40    0.5086      0.4914
     metro      1.41    1.19    0.7068      0.2932
----------------------------------------------------
  Mean VIF      2.78

                           Cond
        Eigenval          Index
---------------------------------
    1     7.4926          1.0000
    2     0.9614          2.7916
    3     0.8905          2.9007
    4     0.6768          3.3273
    5     0.4185          4.2314
    6     0.3302          4.7632
    7     0.1178          7.9758
    8     0.0797          9.6973
    9     0.0196         19.5291
    10     0.0102         27.0982
    11     0.0028         52.0667
---------------------------------
 Condition Number        52.0667 
 Eigenvalues & Cond Index computed from scaled raw sscp (w/ intercept)
 Det(correlation matrix)    0.0060

. return list

scalars:
                 r(cn) =  52.06673611602965
              r(m_vif) =  2.78372327194157

. local meanvif = r(m_vif)

. 
. predict mrhat
(option mu assumed; Exponentiated linear prediction)
(2,415 missing values generated)

. gen resid2 = (mr - mrhat) ^ 2
(2,527 missing values generated)

. gen ssr = sum(resid2)

. egen mrmean = mean(mr)

. gen diff2 = (mr - mrmean) ^ 2
(112 missing values generated)

. egen sst = sum(diff2)

. dis 1 - ssr[_N] / sst[_N]
.29122663

. local r2 = 1 - ssr[_N] / sst[_N]

. 
. outreg2 using "$results/table2_v6.doc", append stats(coef se) ///
>         addstat("Mean VIF", `meanvif', "R2", `r2') drop(i.monthly i.stfips) no
> omit ///
>         label nodepvar ctitle("Catholic") ///
>         dec(3) alpha(0.001, 0.01, 0.05) symbol(***, **, *)
results/table2_v6.doc
dir : seeout

. 
. ** Evangelical Protestant
. use "$data/resdata_all_religions_with_newvars.dta", clear

. merge m:1 countyfips year using "$data/county_newvars_racial_composition.dta",
>  gen(mg)

    Result                           # of obs.
    -----------------------------------------
    not matched                             0
    matched                           296,793  (mg==3)
    -----------------------------------------

. tab mg, mi

                     mg |      Freq.     Percent        Cum.
------------------------+-----------------------------------
            matched (3) |    296,793      100.00      100.00
------------------------+-----------------------------------
                  Total |    296,793      100.00

. keep if mg == 3
(0 observations deleted)

. keep if cate == 3
(231,753 observations deleted)

. xtset countynum monthly
       panel variable:  countynum (unbalanced)
        time variable:  monthly, 2021m2 to 2022m10
                delta:  1 month

. gen loginsur = log(insur)

. gen stfips = substr(countyfips, 1, 2)

. destring stfips, replace
stfips: all characters numeric; replaced as byte

. xtnbreg mr `ivs_religion' i.b1.met i.monthly i.stfips i.region, pa vce(robust)
note: 2.region omitted because of collinearity
note: 3.region omitted because of collinearity
note: 4.region omitted because of collinearity

Iteration 1: tolerance = .00990371
Iteration 2: tolerance = .00146017
Iteration 3: tolerance = .0002081
Iteration 4: tolerance = .00003229
Iteration 5: tolerance = 4.754e-06
Iteration 6: tolerance = 7.363e-07

GEE population-averaged model                   Number of obs     =     64,571
Group variable:                  countynum      Number of groups  =      3,081
Link:                                  log      Obs per group:
Family:             negative binomial(k=1)                    min =         11
Correlation:                  exchangeable                    avg =       21.0
                                                              max =         21
                                                Wald chi2(77)     =  103502.04
Scale parameter:                         1      Prob > chi2       =     0.0000

                              (Std. Err. adjusted for clustering on countynum)
------------------------------------------------------------------------------
             |             Semirobust
          mr |      Coef.   Std. Err.      z    P>|z|     [95% Conf. Interval]
-------------+----------------------------------------------------------------
     pct2020 |  -.1286656   .0546621    -2.35   0.019    -.2358012   -.0215299
       trump |  -.8902529   .0727002   -12.25   0.000    -1.032743   -.7477631
  income1000 |   .0008895    .000918     0.97   0.333    -.0009096    .0026887
     uninsur |  -.8503506    .405015    -2.10   0.036    -1.644165   -.0565358
        coll |   .2966603   .0952238     3.12   0.002      .110025    .4832956
      pcthis |   .2361126   .0681504     3.46   0.001     .1025403    .3696849
      pctbla |  -.9392073    .146975    -6.39   0.000    -1.227273   -.6511416
      pctwhi |  -.5409425   .1194367    -4.53   0.000    -.7750342   -.3068509
      pctasi |    -.95773   .2375951    -4.03   0.000    -1.423408   -.4920521
             |
       metro |
  Non-metro  |   .0123646   .0120912     1.02   0.306    -.0113337    .0360629
             |
     monthly |
        734  |   .3298224   .0110201    29.93   0.000     .3082234    .3514214
        735  |   .5620383   .0117329    47.90   0.000     .5390422    .5850344
        736  |  -.0424575   .0157119    -2.70   0.007    -.0732523   -.0116627
        737  |  -.6035115   .0147731   -40.85   0.000    -.6324663   -.5745567
        738  |  -1.259398   .0143548   -87.73   0.000    -1.287533   -1.231263
        739  |  -.7728011   .0299768   -25.78   0.000    -.8315545   -.7140477
        740  |  -.3023891   .0288398   -10.49   0.000     -.358914   -.2458641
        741  |  -.0127826    .041416    -0.31   0.758    -.0939565    .0683913
        742  |  -1.440055   .0163635   -88.00   0.000    -1.472127   -1.407983
        743  |  -.0682094   .0463083    -1.47   0.141     -.158972    .0225532
        744  |    -.84745   .0382229   -22.17   0.000    -.9223655   -.7725345
        745  |  -1.832046   .0166903  -109.77   0.000    -1.864759   -1.799334
        746  |  -2.440382   .0202278  -120.65   0.000    -2.480028   -2.400737
        747  |  -2.551936    .021538  -118.49   0.000    -2.594149   -2.509722
        748  |  -2.736996   .0220142  -124.33   0.000    -2.780143   -2.693849
        749  |  -2.380108   .0214745  -110.83   0.000    -2.422197   -2.338018
        750  |  -1.204739   .0230287   -52.31   0.000    -1.249875   -1.159604
        751  |  -1.131677   .0204214   -55.42   0.000    -1.171702   -1.091651
        752  |  -1.241601   .0211483   -58.71   0.000     -1.28305   -1.200151
        753  |  -.7920861   .0242608   -32.65   0.000    -.8396364   -.7445358
             |
      stfips |
          4  |   .0432881   .0722948     0.60   0.549    -.0984072    .1849833
          5  |    .078789   .0274435     2.87   0.004     .0250007    .1325772
          6  |  -.2425818   .0744102    -3.26   0.001    -.3884231   -.0967404
          8  |  -.0635876   .0454936    -1.40   0.162    -.1527534    .0255782
          9  |   .0648007   .0480308     1.35   0.177    -.0293379    .1589394
         10  |   .0708146   .0600705     1.18   0.238    -.0469213    .1885506
         12  |   .0628948   .0286085     2.20   0.028     .0068231    .1189665
         13  |   .0480871   .0796696     0.60   0.546    -.1080625    .2042367
         16  |  -.0227689   .0407292    -0.56   0.576    -.1025967     .057059
         17  |    .097421   .0391629     2.49   0.013     .0206631    .1741788
         18  |  -.0505311   .0339439    -1.49   0.137    -.1170599    .0159977
         19  |  -.0504254   .0404611    -1.25   0.213    -.1297277    .0288768
         20  |   .0011383   .0395966     0.03   0.977    -.0764697    .0787463
         21  |   .0664678   .0338037     1.97   0.049     .0002138    .1327218
         22  |   .0250254   .0317797     0.79   0.431    -.0372616    .0873125
         23  |    .155737   .0400287     3.89   0.000     .0772821    .2341918
         24  |   .0998706   .0326226     3.06   0.002     .0359316    .1638096
         25  |  -.0502669   .0589439    -0.85   0.394    -.1657949    .0652611
         26  |  -.0742776   .0421937    -1.76   0.078    -.1569758    .0084205
         27  |   -.018533   .0405354    -0.46   0.648    -.0979808    .0609149
         28  |   .1384039   .0287795     4.81   0.000     .0819972    .1948107
         29  |  -.0762621   .0288439    -2.64   0.008    -.1327952   -.0197291
         30  |  -.1309829    .047675    -2.75   0.006    -.2244241   -.0375417
         31  |  -.1449792   .0372919    -3.89   0.000      -.21807   -.0718885
         32  |  -.1712858   .0579949    -2.95   0.003    -.2849537   -.0576178
         33  |   .2126161   .0480083     4.43   0.000     .1185215    .3067107
         34  |   .0257494   .0419048     0.61   0.539    -.0563825    .1078813
         35  |  -.0854486   .0739844    -1.15   0.248    -.2304553    .0595581
         36  |   .0206247   .0470273     0.44   0.661    -.0715471    .1127966
         37  |   .2174865   .0253928     8.56   0.000     .1677176    .2672555
         38  |   -.100413   .0415006    -2.42   0.016    -.1817527   -.0190734
         39  |  -.0415236   .0341628    -1.22   0.224    -.1084815    .0254343
         40  |  -.0145893   .0306488    -0.48   0.634    -.0746597    .0454812
         41  |  -.0590466   .0452503    -1.30   0.192    -.1477355    .0296423
         42  |   .1424141   .0406739     3.50   0.000     .0626946    .2221335
         44  |   .0611759   .0565847     1.08   0.280    -.0497281    .1720798
         45  |   .0595574   .0284368     2.09   0.036     .0038223    .1152924
         46  |   .1203552   .0408088     2.95   0.003     .0403713     .200339
         47  |  -.0333642   .0269851    -1.24   0.216    -.0862541    .0195257
         48  |   .5631245   .0335645    16.78   0.000     .4973393    .6289096
         49  |   .0165193   .0358277     0.46   0.645    -.0537017    .0867402
         50  |  -.2775188   .0736737    -3.77   0.000    -.4219167   -.1331209
         51  |  -.1228856    .032939    -3.73   0.000    -.1874448   -.0583264
         53  |  -.0549108   .0478506    -1.15   0.251    -.1486962    .0388747
         54  |    .189686   .0435113     4.36   0.000     .1044054    .2749667
         55  |  -.0277315   .0404297    -0.69   0.493    -.1069723    .0515092
         56  |  -.0805208   .0398657    -2.02   0.043    -.1586562   -.0023854
             |
      region |
    Midwest  |          0  (omitted)
       West  |          0  (omitted)
      South  |          0  (omitted)
             |
       _cons |  -.7234585   .1920663    -3.77   0.000    -1.099902   -.3470154
------------------------------------------------------------------------------

. 
. regsave using "$data/reg_results_ep.dta", pval ci replace
(note: file data/reg_results_ep.dta not found)
file data/reg_results_ep.dta saved

. 
. collin `ivs_religion' met
(obs=64,683)

  Collinearity Diagnostics

                        SQRT                   R-
  Variable      VIF     VIF    Tolerance    Squared
----------------------------------------------------
   pct2020      1.46    1.21    0.6864      0.3136
     trump      3.51    1.87    0.2845      0.7155
income1000      2.70    1.64    0.3707      0.6293
   uninsur      1.91    1.38    0.5227      0.4773
      coll      3.22    1.79    0.3107      0.6893
    pcthis      1.57    1.25    0.6378      0.3622
    pctbla      4.99    2.23    0.2002      0.7998
    pctwhi      6.27    2.50    0.1595      0.8405
    pctasi      1.94    1.39    0.5150      0.4850
     metro      1.39    1.18    0.7185      0.2815
----------------------------------------------------
  Mean VIF      2.90

                           Cond
        Eigenval          Index
---------------------------------
    1     7.5414          1.0000
    2     1.0459          2.6852
    3     0.8281          3.0178
    4     0.6567          3.3888
    5     0.4250          4.2122
    6     0.2713          5.2724
    7     0.1241          7.7946
    8     0.0757          9.9785
    9     0.0196         19.6131
    10     0.0094         28.2747
    11     0.0027         52.9510
---------------------------------
 Condition Number        52.9510 
 Eigenvalues & Cond Index computed from scaled raw sscp (w/ intercept)
 Det(correlation matrix)    0.0057

. return list

scalars:
                 r(cn) =  52.95095193221137
              r(m_vif) =  2.896728186976653

. local meanvif = r(m_vif)

. 
. predict mrhat
(option mu assumed; Exponentiated linear prediction)
(357 missing values generated)

. gen resid2 = (mr - mrhat) ^ 2
(469 missing values generated)

. gen ssr = sum(resid2)

. egen mrmean = mean(mr)

. gen diff2 = (mr - mrmean) ^ 2
(119 missing values generated)

. egen sst = sum(diff2)

. dis 1 - ssr[_N] / sst[_N]
.25196274

. local r2 = 1 - ssr[_N] / sst[_N]

. 
. outreg2 using "$results/table2_v6.doc", append stats(coef se) ///
>         addstat("Mean VIF", `meanvif', "R2", `r2') drop(i.monthly i.stfips) no
> omit ///
>         label nodepvar ctitle("Evangelical Protestant") ///
>         dec(3) alpha(0.001, 0.01, 0.05) symbol(***, **, *)
results/table2_v6.doc
dir : seeout

. 
. ** Islam
. use "$data/resdata_all_religions_with_newvars.dta", clear

. merge m:1 countyfips year using "$data/county_newvars_racial_composition.dta",
>  gen(mg)

    Result                           # of obs.
    -----------------------------------------
    not matched                             0
    matched                           296,793  (mg==3)
    -----------------------------------------

. tab mg, mi

                     mg |      Freq.     Percent        Cum.
------------------------+-----------------------------------
            matched (3) |    296,793      100.00      100.00
------------------------+-----------------------------------
                  Total |    296,793      100.00

. keep if mg == 3
(0 observations deleted)

. keep if cate == 4
(281,711 observations deleted)

. xtset countynum monthly
       panel variable:  countynum (unbalanced)
        time variable:  monthly, 2021m2 to 2022m10
                delta:  1 month

. gen loginsur = log(insur)

. gen stfips = substr(countyfips, 1, 2)

. destring stfips, replace
stfips: all characters numeric; replaced as byte

. xtnbreg mr `ivs_religion' i.b1.met i.monthly i.stfips i.region, pa vce(robust)
note: 2.region omitted because of collinearity
note: 3.region omitted because of collinearity
note: 4.region omitted because of collinearity

Iteration 1: tolerance = .12281154
Iteration 2: tolerance = .00370652
Iteration 3: tolerance = .00070779
Iteration 4: tolerance = .00008921
Iteration 5: tolerance = .00001825
Iteration 6: tolerance = 2.087e-06
Iteration 7: tolerance = 4.367e-07

GEE population-averaged model                   Number of obs     =     13,843
Group variable:                  countynum      Number of groups  =        663
Link:                                  log      Obs per group:
Family:             negative binomial(k=1)                    min =         11
Correlation:                  exchangeable                    avg =       20.9
                                                              max =         21
                                                Wald chi2(77)     =   50473.27
Scale parameter:                         1      Prob > chi2       =     0.0000

                              (Std. Err. adjusted for clustering on countynum)
------------------------------------------------------------------------------
             |             Semirobust
          mr |      Coef.   Std. Err.      z    P>|z|     [95% Conf. Interval]
-------------+----------------------------------------------------------------
     pct2020 |   .0341009   .2036801     0.17   0.867    -.3651047    .4333065
       trump |  -.8682934    .115051    -7.55   0.000    -1.093789   -.6427976
  income1000 |   .0042903   .0005697     7.53   0.000     .0031736     .005407
     uninsur |   .0468779   .6328235     0.07   0.941    -1.193433    1.287189
        coll |  -.0745335   .1110442    -0.67   0.502    -.2921762    .1431093
      pcthis |   .3176297   .2074196     1.53   0.126    -.0889052    .7241646
      pctbla |  -.4860373   .4465004    -1.09   0.276    -1.361162    .3890874
      pctwhi |  -.2139068    .409396    -0.52   0.601    -1.016308    .5884947
      pctasi |  -.3917957   .4684867    -0.84   0.403    -1.310013    .5264213
             |
       metro |
  Non-metro  |  -.0103222   .0215471    -0.48   0.632    -.0525538    .0319094
             |
     monthly |
        734  |   .3519378   .0166994    21.07   0.000     .3192076     .384668
        735  |   .7640719   .0171529    44.54   0.000     .7304529    .7976909
        736  |   .3586221   .0262775    13.65   0.000     .3071192    .4101249
        737  |  -.2190649   .0221917    -9.87   0.000    -.2625599   -.1755699
        738  |  -1.005533   .0255687   -39.33   0.000    -1.055647   -.9554196
        739  |  -.6046787    .071979    -8.40   0.000     -.745755   -.4636025
        740  |  -.1867799   .0616923    -3.03   0.002    -.3076946   -.0658653
        741  |  -.0649621   .0965888    -0.67   0.501    -.2542726    .1243484
        742  |  -1.341156   .0290587   -46.15   0.000     -1.39811   -1.284202
        743  |  -.5194148    .078742    -6.60   0.000    -.6737463   -.3650834
        744  |  -.8032783   .0659183   -12.19   0.000    -.9324757   -.6740809
        745  |  -1.621348   .0296949   -54.60   0.000    -1.679549   -1.563147
        746  |  -2.275138   .0428433   -53.10   0.000    -2.359109   -2.191167
        747  |  -2.303537   .0350176   -65.78   0.000    -2.372171   -2.234904
        748  |  -2.536713   .0316914   -80.04   0.000    -2.598827   -2.474599
        749  |  -2.238413   .0368927   -60.67   0.000    -2.310721   -2.166105
        750  |  -1.020059   .0299033   -34.11   0.000    -1.078669     -.96145
        751  |  -.9680043   .0296518   -32.65   0.000    -1.026121   -.9098879
        752  |  -.8751959   .0356771   -24.53   0.000    -.9451218     -.80527
        753  |  -.5159687   .0307927   -16.76   0.000    -.5763214    -.455616
             |
      stfips |
          4  |   .0199189    .076946     0.26   0.796    -.1308924    .1707302
          5  |   .1536931   .0489981     3.14   0.002     .0576586    .2497277
          6  |  -.1449122   .0772016    -1.88   0.061    -.2962246    .0064002
          8  |   .1419564   .0624544     2.27   0.023      .019548    .2643647
          9  |   .1133999   .0635883     1.78   0.075    -.0112308    .2380306
         10  |    .039906   .0464183     0.86   0.390    -.0510721    .1308842
         12  |   .0716677   .0503731     1.42   0.155    -.0270617    .1703971
         13  |   -.068096   .0448482    -1.52   0.129    -.1559968    .0198047
         16  |   .1038569   .0583477     1.78   0.075    -.0105025    .2182163
         17  |   .1291098   .0566013     2.28   0.023     .0181733    .2400463
         18  |  -.0164831   .0553956    -0.30   0.766    -.1250565    .0920904
         19  |  -.0181455     .05706    -0.32   0.750    -.1299811    .0936901
         20  |   .0248499   .0707131     0.35   0.725    -.1137452     .163445
         21  |   .1431095   .0582401     2.46   0.014     .0289609    .2572581
         22  |   .0296177   .0439032     0.67   0.500    -.0564311    .1156664
         23  |   .1916471   .0581239     3.30   0.001     .0777264    .3055679
         24  |   .0898815   .0501924     1.79   0.073    -.0084939    .1882569
         25  |    .016745   .0687251     0.24   0.808    -.1179537    .1514436
         26  |  -.1400559   .0544512    -2.57   0.010    -.2467782   -.0333336
         27  |    .008574   .0574077     0.15   0.881    -.1039432    .1210911
         28  |   .0960344   .0458376     2.10   0.036     .0061944    .1858744
         29  |   .0049516   .0509299     0.10   0.923    -.0948691    .1047723
         30  |  -.0888883    .061087    -1.46   0.146    -.2086167    .0308401
         31  |   .0373578   .0572441     0.65   0.514    -.0748386    .1495542
         32  |  -.0975986   .0664809    -1.47   0.142    -.2278987    .0327016
         33  |   .2891321    .057771     5.00   0.000     .1759031    .4023612
         34  |   .0040981   .0534871     0.08   0.939    -.1007347    .1089308
         35  |   .1114332   .1025537     1.09   0.277    -.0895684    .3124348
         36  |   .0680225   .0596978     1.14   0.255     -.048983    .1850279
         37  |   .2412889   .0491931     4.90   0.000     .1448722    .3377055
         38  |  -.0169007   .0977117    -0.17   0.863    -.2084121    .1746106
         39  |   .0215325   .0493312     0.44   0.662    -.0751548    .1182198
         40  |   .1810605   .0958633     1.89   0.059    -.0068282    .3689492
         41  |  -.0669126   .0628323    -1.06   0.287    -.1900617    .0562366
         42  |   .2250876   .0537341     4.19   0.000     .1197708    .3304044
         44  |   .1315464   .0738716     1.78   0.075    -.0132392     .276332
         45  |   .0595868   .0469837     1.27   0.205    -.0324996    .1516731
         46  |    .162405   .0895461     1.81   0.070    -.0131021    .3379122
         47  |   .0338578   .0475586     0.71   0.477    -.0593553    .1270709
         48  |   .2064736   .0686532     3.01   0.003     .0719158    .3410314
         49  |   .1132214   .0583613     1.94   0.052    -.0011646    .2276074
         50  |   .0205344   .0679288     0.30   0.762    -.1126037    .1536724
         51  |  -.2182561   .0622845    -3.50   0.000    -.3403315   -.0961807
         53  |   .0455243   .0679932     0.67   0.503    -.0877398    .1787885
         54  |   .2922778   .0620022     4.71   0.000     .1707557    .4137998
         55  |   .0166193   .0559326     0.30   0.766    -.0930065    .1262451
         56  |  -.0938702   .1154123    -0.81   0.416    -.3200741    .1323338
             |
      region |
    Midwest  |          0  (omitted)
       West  |          0  (omitted)
      South  |          0  (omitted)
             |
       _cons |   -1.41968   .4289846    -3.31   0.001    -2.260474   -.5788852
------------------------------------------------------------------------------

. 
. regsave using "$data/reg_results_is.dta", pval ci replace
(note: file data/reg_results_is.dta not found)
file data/reg_results_is.dta saved

. 
. collin `ivs_religion' met
(obs=13,864)

  Collinearity Diagnostics

                        SQRT                   R-
  Variable      VIF     VIF    Tolerance    Squared
----------------------------------------------------
   pct2020      1.08    1.04    0.9266      0.0734
     trump      3.41    1.85    0.2933      0.7067
income1000      2.81    1.68    0.3563      0.6437
   uninsur      2.23    1.49    0.4485      0.5515
      coll      3.61    1.90    0.2772      0.7228
    pcthis      3.06    1.75    0.3272      0.6728
    pctbla     10.16    3.19    0.0984      0.9016
    pctwhi     12.16    3.49    0.0822      0.9178
    pctasi      3.21    1.79    0.3119      0.6881
     metro      1.24    1.11    0.8067      0.1933
----------------------------------------------------
  Mean VIF      4.30

                           Cond
        Eigenval          Index
---------------------------------
    1     7.9670          1.0000
    2     0.8750          3.0174
    3     0.7105          3.3487
    4     0.5855          3.6889
    5     0.5080          3.9601
    6     0.1724          6.7973
    7     0.0896          9.4299
    8     0.0577         11.7530
    9     0.0226         18.7928
    10     0.0103         27.8607
    11     0.0015         73.8467
---------------------------------
 Condition Number        73.8467 
 Eigenvalues & Cond Index computed from scaled raw sscp (w/ intercept)
 Det(correlation matrix)    0.0029

. return list

scalars:
                 r(cn) =  73.84673764738378
              r(m_vif) =  4.295529630396408

. local meanvif = r(m_vif)

. 
. predict mrhat
(option mu assumed; Exponentiated linear prediction)
(1,218 missing values generated)

. gen resid2 = (mr - mrhat) ^ 2
(1,239 missing values generated)

. gen ssr = sum(resid2)

. egen mrmean = mean(mr)

. gen diff2 = (mr - mrmean) ^ 2
(21 missing values generated)

. egen sst = sum(diff2)

. dis 1 - ssr[_N] / sst[_N]
.38558662

. local r2 = 1 - ssr[_N] / sst[_N]

. 
. outreg2 using "$results/table2_v6.doc", append stats(coef se) ///
>         addstat("Mean VIF", `meanvif', "R2", `r2') drop(i.monthly i.stfips) no
> omit ///
>         label nodepvar ctitle("Islam") ///
>         dec(3) alpha(0.001, 0.01, 0.05) symbol(***, **, *)
results/table2_v6.doc
dir : seeout

. 
. ** Mainline Protestant
. use "$data/resdata_all_religions_with_newvars.dta", clear

. merge m:1 countyfips year using "$data/county_newvars_racial_composition.dta",
>  gen(mg)

    Result                           # of obs.
    -----------------------------------------
    not matched                             0
    matched                           296,793  (mg==3)
    -----------------------------------------

. tab mg, mi

                     mg |      Freq.     Percent        Cum.
------------------------+-----------------------------------
            matched (3) |    296,793      100.00      100.00
------------------------+-----------------------------------
                  Total |    296,793      100.00

. keep if mg == 3
(0 observations deleted)

. keep if cate == 5
(231,879 observations deleted)

. xtset countynum monthly
       panel variable:  countynum (unbalanced)
        time variable:  monthly, 2021m2 to 2022m10
                delta:  1 month

. gen loginsur = log(insur)

. gen stfips = substr(countyfips, 1, 2)

. destring stfips, replace
stfips: all characters numeric; replaced as byte

. xtnbreg mr `ivs_religion' i.b1.met i.monthly i.stfips i.region, pa vce(robust)
note: 2.region omitted because of collinearity
note: 3.region omitted because of collinearity
note: 4.region omitted because of collinearity

Iteration 1: tolerance = .01311708
Iteration 2: tolerance = .00202375
Iteration 3: tolerance = .00029766
Iteration 4: tolerance = .00004539
Iteration 5: tolerance = 6.910e-06
Iteration 6: tolerance = 1.066e-06
Iteration 7: tolerance = 1.639e-07

GEE population-averaged model                   Number of obs     =     64,403
Group variable:                  countynum      Number of groups  =      3,073
Link:                                  log      Obs per group:
Family:             negative binomial(k=1)                    min =         11
Correlation:                  exchangeable                    avg =       21.0
                                                              max =         21
                                                Wald chi2(77)     =  103658.24
Scale parameter:                         1      Prob > chi2       =     0.0000

                              (Std. Err. adjusted for clustering on countynum)
------------------------------------------------------------------------------
             |             Semirobust
          mr |      Coef.   Std. Err.      z    P>|z|     [95% Conf. Interval]
-------------+----------------------------------------------------------------
     pct2020 |   .2512026   .0876632     2.87   0.004     .0793858    .4230194
       trump |  -.9657854   .0684799   -14.10   0.000    -1.100004   -.8315673
  income1000 |   .0011263   .0008765     1.29   0.199    -.0005916    .0028442
     uninsur |  -.9304822   .4188569    -2.22   0.026    -1.751427   -.1095378
        coll |   .2334477   .0909761     2.57   0.010     .0551378    .4117575
      pcthis |   .2451794   .0692136     3.54   0.000     .1095233    .3808355
      pctbla |  -1.024034   .1546823    -6.62   0.000    -1.327205   -.7208619
      pctwhi |  -.5866224   .1212223    -4.84   0.000    -.8242137   -.3490312
      pctasi |  -1.033525     .23974    -4.31   0.000    -1.503406   -.5636428
             |
       metro |
  Non-metro  |   .0078742   .0124726     0.63   0.528    -.0165716    .0323199
             |
     monthly |
        734  |   .3302551   .0110604    29.86   0.000     .3085771     .351933
        735  |   .5624616   .0117804    47.75   0.000     .5393725    .5855507
        736  |  -.0410782   .0157572    -2.61   0.009    -.0719618   -.0101946
        737  |  -.6023003   .0147943   -40.71   0.000    -.6312967    -.573304
        738  |  -1.264129   .0142091   -88.97   0.000    -1.291978    -1.23628
        739  |  -.7714937   .0299714   -25.74   0.000    -.8302366   -.7127508
        740  |  -.3058371   .0287663   -10.63   0.000     -.362218   -.2494562
        741  |  -.0201698   .0415764    -0.49   0.628    -.1016582    .0613185
        742  |  -1.442232   .0163966   -87.96   0.000    -1.474369   -1.410095
        743  |   -.074596   .0464318    -1.61   0.108    -.1656007    .0164088
        744  |  -.8525317   .0379894   -22.44   0.000    -.9269897   -.7780738
        745  |  -1.834139   .0167124  -109.75   0.000    -1.866895   -1.801383
        746  |  -2.440518   .0202821  -120.33   0.000    -2.480271   -2.400766
        747  |  -2.552749    .021583  -118.28   0.000    -2.595051   -2.510447
        748  |  -2.734458   .0221175  -123.63   0.000    -2.777808   -2.691109
        749  |  -2.380902   .0215303  -110.58   0.000    -2.423101   -2.338704
        750  |  -1.204191   .0230665   -52.21   0.000    -1.249401   -1.158982
        751  |  -1.131313   .0204667   -55.28   0.000    -1.171427   -1.091199
        752  |  -1.239735   .0211732   -58.55   0.000    -1.281234   -1.198237
        753  |  -.7917671   .0243106   -32.57   0.000     -.839415   -.7441193
             |
      stfips |
          4  |   .0653871   .0675797     0.97   0.333    -.0670667    .1978409
          5  |   .0763438   .0274283     2.78   0.005     .0225854    .1301022
          6  |  -.2268775   .0721293    -3.15   0.002    -.3682483   -.0855067
          8  |  -.0428968   .0413872    -1.04   0.300    -.1240142    .0382205
          9  |    .082733   .0439136     1.88   0.060     -.003336     .168802
         10  |   .0872821   .0566207     1.54   0.123    -.0236925    .1982567
         12  |   .0871844   .0267118     3.26   0.001     .0348302    .1395385
         13  |    .061366   .0841701     0.73   0.466    -.1036045    .2263364
         16  |   .0190459   .0358256     0.53   0.595     -.051171    .0892629
         17  |   .1016844   .0343869     2.96   0.003     .0342873    .1690815
         18  |  -.0367474   .0296109    -1.24   0.215    -.0947837    .0212889
         19  |  -.0635115   .0319716    -1.99   0.047    -.1261747   -.0008483
         20  |    .002646   .0354197     0.07   0.940    -.0667753    .0720673
         21  |   .0671916   .0333688     2.01   0.044     .0017898    .1325933
         22  |   .0455391   .0302956     1.50   0.133    -.0138392    .1049174
         23  |   .1843914   .0355183     5.19   0.000     .1147767     .254006
         24  |   .1082035   .0286676     3.77   0.000     .0520161    .1643909
         25  |  -.0314473   .0553021    -0.57   0.570    -.1398374    .0769428
         26  |  -.0505714   .0365993    -1.38   0.167    -.1223047    .0211619
         27  |  -.0434648   .0335997    -1.29   0.196     -.109319    .0223894
         28  |   .1416619    .029266     4.84   0.000     .0843017    .1990222
         29  |  -.0658655    .028035    -2.35   0.019    -.1208131   -.0109179
         30  |  -.1069235   .0418631    -2.55   0.011    -.1889737   -.0248734
         31  |   -.149897   .0312079    -4.80   0.000    -.2110632   -.0887307
         32  |   -.122421   .0546811    -2.24   0.025    -.2295939   -.0152481
         33  |   .2377328   .0456475     5.21   0.000     .1482655    .3272002
         34  |   .0485579   .0372158     1.30   0.192    -.0243837    .1214996
         35  |  -.0754869   .0720713    -1.05   0.295    -.2167441    .0657703
         36  |   .0423014   .0400656     1.06   0.291    -.0362257    .1208286
         37  |    .219594   .0246893     8.89   0.000     .1712038    .2679842
         38  |  -.1550549   .0415211    -3.73   0.000    -.2364348   -.0736749
         39  |    -.02913   .0292644    -1.00   0.320    -.0864873    .0282272
         40  |  -.0344722   .0310182    -1.11   0.266    -.0952668    .0263224
         41  |  -.0329272   .0416272    -0.79   0.429     -.114515    .0486605
         42  |   .1521436   .0327851     4.64   0.000      .087886    .2164012
         44  |   .0814522   .0519993     1.57   0.117    -.0204647     .183369
         45  |   .0651026   .0285733     2.28   0.023        .0091    .1211052
         46  |   .0979532   .0375715     2.61   0.009     .0243144     .171592
         47  |  -.0289517   .0263718    -1.10   0.272    -.0806395    .0227361
         48  |   .5750153   .0341369    16.84   0.000     .5081082    .6419225
         49  |   .0589057    .029686     1.98   0.047     .0007221    .1170892
         50  |  -.2240342   .0744279    -3.01   0.003    -.3699102   -.0781582
         51  |  -.1299784   .0313671    -4.14   0.000    -.1914567      -.0685
         53  |  -.0428004   .0448697    -0.95   0.340    -.1307435    .0451427
         54  |   .2008005   .0354769     5.66   0.000     .1312671    .2703339
         55  |  -.0146053   .0352408    -0.41   0.679    -.0836759    .0544653
         56  |  -.0400033   .0372929    -1.07   0.283     -.113096    .0330894
             |
      region |
    Midwest  |          0  (omitted)
       West  |          0  (omitted)
      South  |          0  (omitted)
             |
       _cons |  -.6756647   .1917473    -3.52   0.000    -1.051482   -.2998469
------------------------------------------------------------------------------

. 
. regsave using "$data/reg_results_mp.dta", pval ci replace
(note: file data/reg_results_mp.dta not found)
file data/reg_results_mp.dta saved

. 
. collin `ivs_religion' met
(obs=64,515)

  Collinearity Diagnostics

                        SQRT                   R-
  Variable      VIF     VIF    Tolerance    Squared
----------------------------------------------------
   pct2020      1.18    1.08    0.8502      0.1498
     trump      3.04    1.74    0.3285      0.6715
income1000      2.66    1.63    0.3761      0.6239
   uninsur      1.91    1.38    0.5249      0.4751
      coll      3.21    1.79    0.3120      0.6880
    pcthis      1.58    1.26    0.6331      0.3669
    pctbla      4.84    2.20    0.2065      0.7935
    pctwhi      6.34    2.52    0.1578      0.8422
    pctasi      1.94    1.39    0.5142      0.4858
     metro      1.46    1.21    0.6851      0.3149
----------------------------------------------------
  Mean VIF      2.82

                           Cond
        Eigenval          Index
---------------------------------
    1     7.4221          1.0000
    2     1.0333          2.6801
    3     0.8029          3.0405
    4     0.7482          3.1495
    5     0.4542          4.0425
    6     0.2924          5.0386
    7     0.1352          7.4103
    8     0.0790          9.6914
    9     0.0199         19.3174
    10     0.0102         26.9359
    11     0.0027         52.8173
---------------------------------
 Condition Number        52.8173 
 Eigenvalues & Cond Index computed from scaled raw sscp (w/ intercept)
 Det(correlation matrix)    0.0069

. return list

scalars:
                 r(cn) =  52.81727572358812
              r(m_vif) =  2.815362387241592

. local meanvif = r(m_vif)

. 
. predict mrhat
(option mu assumed; Exponentiated linear prediction)
(399 missing values generated)

. gen resid2 = (mr - mrhat) ^ 2
(511 missing values generated)

. gen ssr = sum(resid2)

. egen mrmean = mean(mr)

. gen diff2 = (mr - mrmean) ^ 2
(112 missing values generated)

. egen sst = sum(diff2)

. dis 1 - ssr[_N] / sst[_N]
.25230882

. local r2 = 1 - ssr[_N] / sst[_N]

. 
. outreg2 using "$results/table2_v6.doc", append stats(coef se) ///
>         addstat("Mean VIF", `meanvif', "R2", `r2') drop(i.monthly i.stfips) no
> omit ///
>         label nodepvar ctitle("Mainline Protestant") ///
>         dec(3) alpha(0.001, 0.01, 0.05) symbol(***, **, *)
results/table2_v6.doc
dir : seeout

. 
. ** Mormons
. use "$data/resdata_all_religions_with_newvars.dta", clear

. merge m:1 countyfips year using "$data/county_newvars_racial_composition.dta",
>  gen(mg)

    Result                           # of obs.
    -----------------------------------------
    not matched                             0
    matched                           296,793  (mg==3)
    -----------------------------------------

. tab mg, mi

                     mg |      Freq.     Percent        Cum.
------------------------+-----------------------------------
            matched (3) |    296,793      100.00      100.00
------------------------+-----------------------------------
                  Total |    296,793      100.00

. keep if mg == 3
(0 observations deleted)

. keep if cate == 6
(247,292 observations deleted)

. xtset countynum monthly
       panel variable:  countynum (unbalanced)
        time variable:  monthly, 2021m2 to 2022m10
                delta:  1 month

. gen loginsur = log(insur)

. gen stfips = substr(countyfips, 1, 2)

. destring stfips, replace
stfips: all characters numeric; replaced as byte

. xtnbreg mr `ivs_religion' i.b1.met i.monthly i.stfips i.region, pa vce(robust)
note: 2.region omitted because of collinearity
note: 3.region omitted because of collinearity
note: 4.region omitted because of collinearity

Iteration 1: tolerance = .03050046
Iteration 2: tolerance = .00508917
Iteration 3: tolerance = .00084457
Iteration 4: tolerance = .00014145
Iteration 5: tolerance = .00002361
Iteration 6: tolerance = 3.933e-06
Iteration 7: tolerance = 6.549e-07

GEE population-averaged model                   Number of obs     =     39,078
Group variable:                  countynum      Number of groups  =      1,867
Link:                                  log      Obs per group:
Family:             negative binomial(k=1)                    min =         11
Correlation:                  exchangeable                    avg =       20.9
                                                              max =         21
                                                Wald chi2(77)     =   69568.61
Scale parameter:                         1      Prob > chi2       =     0.0000

                              (Std. Err. adjusted for clustering on countynum)
------------------------------------------------------------------------------
             |             Semirobust
          mr |      Coef.   Std. Err.      z    P>|z|     [95% Conf. Interval]
-------------+----------------------------------------------------------------
     pct2020 |    .150645   .0886166     1.70   0.089    -.0230403    .3243302
       trump |  -.9558961   .0815473   -11.72   0.000    -1.115726   -.7960664
  income1000 |   .0022733   .0012081     1.88   0.060    -.0000945    .0046411
     uninsur |  -1.358566     .82349    -1.65   0.099    -2.972577    .2554443
        coll |   .1000248    .104904     0.95   0.340    -.1055832    .3056328
      pcthis |   .2890811   .0869297     3.33   0.001      .118702    .4594603
      pctbla |  -1.157489   .2661335    -4.35   0.000    -1.679101   -.6358767
      pctwhi |  -.6779509   .1963237    -3.45   0.001    -1.062738   -.2931634
      pctasi |  -.9892563   .2493887    -3.97   0.000    -1.478049   -.5004634
             |
       metro |
  Non-metro  |   .0231786   .0138321     1.68   0.094    -.0039318    .0502891
             |
     monthly |
        734  |    .338042   .0130838    25.84   0.000     .3123982    .3636857
        735  |    .638686     .01388    46.01   0.000     .6114816    .6658904
        736  |   .1177856   .0190486     6.18   0.000     .0804509    .1551202
        737  |  -.4455201   .0175884   -25.33   0.000    -.4799926   -.4110475
        738  |  -1.129491   .0187106   -60.37   0.000    -1.166163   -1.092819
        739  |  -.6795239   .0399469   -17.01   0.000    -.7578183   -.6012295
        740  |  -.2673548   .0365954    -7.31   0.000    -.3390805   -.1956291
        741  |  -.0451317   .0544573    -0.83   0.407    -.1518661    .0616026
        742  |  -1.395797   .0197278   -70.75   0.000    -1.434463   -1.357131
        743  |  -.2030144   .0596241    -3.40   0.001    -.3198755   -.0861533
        744  |  -.9137528   .0401392   -22.76   0.000    -.9924242   -.8350814
        745  |  -1.730924   .0210718   -82.14   0.000    -1.772224   -1.689624
        746  |  -2.382037   .0267979   -88.89   0.000     -2.43456   -2.329515
        747  |  -2.455885   .0250425   -98.07   0.000    -2.504967   -2.406802
        748  |  -2.629929   .0253937  -103.57   0.000      -2.6797   -2.580158
        749  |  -2.331625   .0261987   -89.00   0.000    -2.382974   -2.280277
        750  |  -1.132031   .0229957   -49.23   0.000    -1.177102   -1.086961
        751  |  -1.057657   .0253616   -41.70   0.000    -1.107365   -1.007949
        752  |  -1.123564     .02405   -46.72   0.000    -1.170701   -1.076427
        753  |  -.6861182   .0279506   -24.55   0.000    -.7409004    -.631336
             |
      stfips |
          4  |   .0009779   .0872053     0.01   0.991    -.1699413    .1718971
          5  |   .0334551   .0418017     0.80   0.424    -.0484748     .115385
          6  |  -.3122085   .0977025    -3.20   0.001    -.5037019   -.1207151
          8  |  -.0776752   .0498945    -1.56   0.120    -.1754666    .0201163
          9  |   .0441149   .0614311     0.72   0.473    -.0762878    .1645176
         10  |   .0652507   .0684757     0.95   0.341    -.0689591    .1994605
         12  |   .0953795   .0335627     2.84   0.004     .0295978    .1611612
         13  |    .090547   .1510755     0.60   0.549    -.2055556    .3866495
         16  |  -.0501283   .0538902    -0.93   0.352    -.1557512    .0554945
         17  |   .0301701   .0546725     0.55   0.581    -.0769861    .1373263
         18  |  -.0546419   .0457921    -1.19   0.233    -.1443926    .0351089
         19  |  -.0475847   .0623929    -0.76   0.446    -.1698726    .0747032
         20  |  -.0248224   .0640816    -0.39   0.698    -.1504201    .1007754
         21  |   .0706652   .0542557     1.30   0.193     -.035674    .1770044
         22  |   .0255731   .0360542     0.71   0.478    -.0450918     .096238
         23  |   .1794753    .046566     3.85   0.000     .0882077     .270743
         24  |   .0667702   .0390016     1.71   0.087    -.0096715     .143212
         25  |  -.0886183   .0798094    -1.11   0.267    -.2450419    .0678053
         26  |  -.0978397   .0579953    -1.69   0.092    -.2115085     .015829
         27  |  -.0392531   .0563802    -0.70   0.486    -.1497564    .0712501
         28  |   .1616336   .0427096     3.78   0.000     .0779243    .2453428
         29  |  -.0547491    .038612    -1.42   0.156    -.1304271     .020929
         30  |  -.0948017   .0525807    -1.80   0.071     -.197858    .0082546
         31  |  -.1120966   .0479784    -2.34   0.019    -.2061326   -.0180607
         32  |  -.1865169   .0669446    -2.79   0.005     -.317726   -.0553078
         33  |   .1870403   .0574931     3.25   0.001      .074356    .2997247
         34  |  -.0035256   .0484923    -0.07   0.942    -.0985687    .0915174
         35  |  -.1166654    .103825    -1.12   0.261    -.3201587    .0868279
         36  |   .0043002   .0647293     0.07   0.947    -.1225669    .1311672
         37  |   .2226353   .0316376     7.04   0.000     .1606268    .2846438
         38  |  -.1308662   .0594307    -2.20   0.028    -.2473483   -.0143842
         39  |  -.0296234   .0470418    -0.63   0.529    -.1218237    .0625769
         40  |  -.0205725   .0415133    -0.50   0.620    -.1019371    .0607921
         41  |  -.0738833    .063506    -1.16   0.245    -.1983528    .0505861
         42  |   .1298574   .0530765     2.45   0.014     .0258295    .2338854
         44  |   .0532696   .0752062     0.71   0.479    -.0941318    .2006711
         45  |   .0883344   .0362954     2.43   0.015     .0171969     .159472
         46  |   .1118545   .0563477     1.99   0.047      .001415     .222294
         47  |   -.019641   .0336898    -0.58   0.560    -.0856718    .0463897
         48  |   .4989111   .0514098     9.70   0.000     .3981498    .5996724
         49  |    -.03819   .0712322    -0.54   0.592    -.1778026    .1014227
         50  |  -.2966496   .0968082    -3.06   0.002    -.4863902   -.1069091
         51  |  -.1585602   .0429763    -3.69   0.000    -.2427922   -.0743283
         53  |  -.0881589   .0681477    -1.29   0.196     -.221726    .0454081
         54  |   .2079425   .0570413     3.65   0.000     .0961436    .3197413
         55  |  -.0255922   .0580767    -0.44   0.659    -.1394204     .088236
         56  |  -.0781768   .0444376    -1.76   0.079    -.1652729    .0089192
             |
      region |
    Midwest  |          0  (omitted)
       West  |          0  (omitted)
      South  |          0  (omitted)
             |
       _cons |  -.6178021   .3408823    -1.81   0.070    -1.285919     .050315
------------------------------------------------------------------------------

. 
. regsave using "$data/reg_results_mo.dta", pval ci replace
(note: file data/reg_results_mo.dta not found)
file data/reg_results_mo.dta saved

. 
. collin `ivs_religion' met
(obs=39,169)

  Collinearity Diagnostics

                        SQRT                   R-
  Variable      VIF     VIF    Tolerance    Squared
----------------------------------------------------
   pct2020      1.08    1.04    0.9292      0.0708
     trump      3.45    1.86    0.2901      0.7099
income1000      2.68    1.64    0.3735      0.6265
   uninsur      2.00    1.42    0.4993      0.5007
      coll      3.68    1.92    0.2718      0.7282
    pcthis      1.66    1.29    0.6026      0.3974
    pctbla      4.08    2.02    0.2452      0.7548
    pctwhi      5.93    2.44    0.1686      0.8314
    pctasi      2.11    1.45    0.4743      0.5257
     metro      1.44    1.20    0.6925      0.3075
----------------------------------------------------
  Mean VIF      2.81

                           Cond
        Eigenval          Index
---------------------------------
    1     7.3012          1.0000
    2     1.0688          2.6137
    3     0.7696          3.0801
    4     0.6821          3.2717
    5     0.5825          3.5403
    6     0.3576          4.5186
    7     0.1308          7.4700
    8     0.0743          9.9139
    9     0.0207         18.7835
    10     0.0098         27.3120
    11     0.0027         52.3863
---------------------------------
 Condition Number        52.3863 
 Eigenvalues & Cond Index computed from scaled raw sscp (w/ intercept)
 Det(correlation matrix)    0.0075

. return list

scalars:
                 r(cn) =  52.38634072640968
              r(m_vif) =  2.810530789488485

. local meanvif = r(m_vif)

. 
. predict mrhat
(option mu assumed; Exponentiated linear prediction)
(10,332 missing values generated)

. gen resid2 = (mr - mrhat) ^ 2
(10,423 missing values generated)

. gen ssr = sum(resid2)

. egen mrmean = mean(mr)

. gen diff2 = (mr - mrmean) ^ 2
(98 missing values generated)

. egen sst = sum(diff2)

. dis 1 - ssr[_N] / sst[_N]
.41813173

. local r2 = 1 - ssr[_N] / sst[_N]

. 
. outreg2 using "$results/table2_v6.doc", append stats(coef se) ///
>         addstat("Mean VIF", `meanvif', "R2", `r2') drop(i.monthly i.stfips) no
> omit ///
>         label nodepvar ctitle("Mormons") ///
>         dec(3) alpha(0.001, 0.01, 0.05) symbol(***, **, *)
results/table2_v6.doc
dir : seeout

. 
. ** black protestant urban
. use "$data/resdata_all_religions_with_newvars.dta", clear

. merge m:1 countyfips year using "$data/county_newvars_racial_composition.dta",
>  gen(mg)

    Result                           # of obs.
    -----------------------------------------
    not matched                             0
    matched                           296,793  (mg==3)
    -----------------------------------------

. tab mg, mi

                     mg |      Freq.     Percent        Cum.
------------------------+-----------------------------------
            matched (3) |    296,793      100.00      100.00
------------------------+-----------------------------------
                  Total |    296,793      100.00

. keep if mg == 3
(0 observations deleted)

. keep if cate == 1
(258,275 observations deleted)

. keep if metro == 1
(19,394 observations deleted)

. xtset countynum monthly
       panel variable:  countynum (unbalanced)
        time variable:  monthly, 2021m2 to 2022m10
                delta:  1 month

. gen loginsur = log(insur)

. gen stfips = substr(countyfips, 1, 2)

. destring stfips, replace
stfips: all characters numeric; replaced as byte

. xtnbreg mr `ivs_religion' i.b1.met i.monthly i.stfips i.region, pa vce(robust)
note: 2.region omitted because of collinearity
note: 3.region omitted because of collinearity
note: 4.region omitted because of collinearity

Iteration 1: tolerance = .04453595
Iteration 2: tolerance = .01098672
Iteration 3: tolerance = .00151014
Iteration 4: tolerance = .00017951
Iteration 5: tolerance = .00002059
Iteration 6: tolerance = 2.368e-06
Iteration 7: tolerance = 2.741e-07

GEE population-averaged model                   Number of obs     =     18,368
Group variable:                  countynum      Number of groups  =        878
Link:                                  log      Obs per group:
Family:             negative binomial(k=1)                    min =         11
Correlation:                  exchangeable                    avg =       20.9
                                                              max =         21
                                                Wald chi2(74)     =          .
Scale parameter:                         1      Prob > chi2       =          .

                              (Std. Err. adjusted for clustering on countynum)
------------------------------------------------------------------------------
             |             Semirobust
          mr |      Coef.   Std. Err.      z    P>|z|     [95% Conf. Interval]
-------------+----------------------------------------------------------------
     pct2020 |   .1907458   .4522885     0.42   0.673    -.6957233    1.077215
       trump |  -.6282716   .1275594    -4.93   0.000    -.8782834   -.3782599
  income1000 |    .000281   .0024739     0.11   0.910    -.0045678    .0051299
     uninsur |  -3.479803   2.616328    -1.33   0.184    -8.607711    1.648106
        coll |   .2290182   .1486909     1.54   0.124    -.0624106    .5204471
      pcthis |   .4617268   .2412854     1.91   0.056    -.0111838    .9346374
      pctbla |  -.6761518   .7183629    -0.94   0.347    -2.084117    .7318137
      pctwhi |  -.4236609   .5470577    -0.77   0.439    -1.495874    .6485525
      pctasi |  -.3669245   .3608434    -1.02   0.309    -1.074165    .3403155
             |
     monthly |
        734  |   .2830759   .0158332    17.88   0.000     .2520435    .3141084
        735  |   .6746886    .015573    43.32   0.000      .644166    .7052112
        736  |   .2151702   .0219516     9.80   0.000     .1721458    .2581946
        737  |  -.2976702   .0229448   -12.97   0.000    -.3426412   -.2526991
        738  |  -1.042524   .0216178   -48.23   0.000    -1.084894   -1.000154
        739  |  -.6155838   .0564712   -10.90   0.000    -.7262653   -.5049023
        740  |  -.0631315   .0518854    -1.22   0.224     -.164825    .0385619
        741  |  -.0294641   .0820656    -0.36   0.720    -.1903098    .1313817
        742  |  -1.361657   .0241971   -56.27   0.000    -1.409082   -1.314231
        743  |  -.3062465   .0810566    -3.78   0.000    -.4651145   -.1473785
        744  |  -.5717122   .0624545    -9.15   0.000    -.6941207   -.4493037
        745  |  -1.674818   .0234154   -71.53   0.000    -1.720711   -1.628925
        746  |   -2.34274   .0304558   -76.92   0.000    -2.402432   -2.283048
        747  |   -2.35246   .0342943   -68.60   0.000    -2.419676   -2.285245
        748  |  -2.595829   .0276588   -93.85   0.000    -2.650039   -2.541619
        749  |  -2.256232   .0323882   -69.66   0.000    -2.319712   -2.192752
        750  |  -1.059107   .0232856   -45.48   0.000    -1.104746   -1.013468
        751  |  -.9774032   .0302808   -32.28   0.000    -1.036752   -.9180539
        752  |  -.9647067   .0314566   -30.67   0.000    -1.026361   -.9030529
        753  |  -.5710939   .0398245   -14.34   0.000    -.6491484   -.4930394
             |
      stfips |
          4  |   .0396892   .1315775     0.30   0.763     -.218198    .2975763
          5  |   .0292644   .0829907     0.35   0.724    -.1333944    .1919232
          6  |  -.1785743   .2296205    -0.78   0.437    -.6286221    .2714736
          8  |  -.0308569   .0964956    -0.32   0.749    -.2199848    .1582709
          9  |   .0830544   .1310587     0.63   0.526    -.1738159    .3399247
         10  |   .0721422   .0920644     0.78   0.433    -.1083007    .2525852
         12  |   .1940968   .0389935     4.98   0.000      .117671    .2705226
         13  |   .1656911   .2198683     0.75   0.451    -.2652429    .5966251
         16  |   .0725973   .0667234     1.09   0.277    -.0581782    .2033729
         17  |   .0280874   .1117582     0.25   0.802    -.1909547    .2471295
         18  |  -.0476265   .0838822    -0.57   0.570    -.2120326    .1167797
         19  |  -.0250898   .1337391    -0.19   0.851    -.2872136     .237034
         20  |  -.0015851   .0807406    -0.02   0.984    -.1598337    .1566636
         21  |   .0014853   .1090149     0.01   0.989      -.21218    .2151505
         22  |   .0069823   .0427913     0.16   0.870    -.0768871    .0908517
         23  |   .2230896   .0853199     2.61   0.009     .0558657    .3903136
         24  |   .0885335   .0656287     1.35   0.177    -.0400963    .2171633
         25  |  -.0825218   .1877043    -0.44   0.660    -.4504155    .2853718
         26  |  -.1380232   .1237533    -1.12   0.265    -.3805752    .1045289
         27  |  -.0338581   .1388471    -0.24   0.807    -.3059934    .2382772
         28  |   .2105797   .1038689     2.03   0.043     .0070004    .4141589
         29  |   .0121285   .0369633     0.33   0.743    -.0603184    .0845753
         30  |  -.0902398   .1179879    -0.76   0.444    -.3214919    .1410122
         31  |   .0565636   .0780586     0.72   0.469    -.0964284    .2095556
         32  |  -.0039212   .1005221    -0.04   0.969    -.2009409    .1930986
         33  |   .2143247   .0570504     3.76   0.000      .102508    .3261414
         34  |   .0505343   .0840268     0.60   0.548    -.1141551    .2152237
         35  |  -.0445482   .2315093    -0.19   0.847    -.4982981    .4092017
         36  |   .0163389   .1569236     0.10   0.917    -.2912258    .3239035
         37  |   .2781827   .0349402     7.96   0.000     .2097011    .3466643
         38  |   .0191935    .119854     0.16   0.873    -.2157161    .2541031
         39  |  -.0035727   .0874833    -0.04   0.967    -.1750369    .1678914
         40  |   .1402821   .0686983     2.04   0.041     .0056359    .2749283
         41  |  -.0363415   .1283088    -0.28   0.777    -.2878221    .2151392
         42  |   .1500408    .108937     1.38   0.168    -.0634717    .3635533
         44  |   .0294988   .1609673     0.18   0.855    -.2859913    .3449889
         45  |   .1057445   .0495443     2.13   0.033     .0086395    .2028495
         46  |    .285335   .0419772     6.80   0.000     .2030612    .3676088
         47  |   .0343151   .0360442     0.95   0.341    -.0363302    .1049604
         48  |   .4765686   .1085827     4.39   0.000     .2637504    .6893868
         49  |   .0780278   .0628133     1.24   0.214     -.045084    .2011397
         51  |  -.0762465   .0478184    -1.59   0.111    -.1699688    .0174758
         53  |    .045385     .12649     0.36   0.720    -.2025309    .2933009
         54  |    .153811   .1067363     1.44   0.150    -.0553883    .3630104
         55  |  -.0098334   .1375901    -0.07   0.943     -.279505    .2598383
         56  |   .0505744    .038295     1.32   0.187    -.0244824    .1256313
             |
      region |
    Midwest  |          0  (omitted)
       West  |          0  (omitted)
      South  |          0  (omitted)
             |
       _cons |  -.9207736    .911913    -1.01   0.313     -2.70809    .8665431
------------------------------------------------------------------------------

. 
. regsave using "$data/reg_results_bpu.dta", pval ci replace
(note: file data/reg_results_bpu.dta not found)
file data/reg_results_bpu.dta saved

. 
. collin `ivs_religion'
(obs=18,389)

  Collinearity Diagnostics

                        SQRT                   R-
  Variable      VIF     VIF    Tolerance    Squared
----------------------------------------------------
   pct2020      2.21    1.49    0.4515      0.5485
     trump      4.73    2.18    0.2112      0.7888
income1000      2.92    1.71    0.3429      0.6571
   uninsur      2.08    1.44    0.4810      0.5190
      coll      4.25    2.06    0.2354      0.7646
    pcthis      3.36    1.83    0.2976      0.7024
    pctbla     18.49    4.30    0.0541      0.9459
    pctwhi     20.53    4.53    0.0487      0.9513
    pctasi      3.83    1.96    0.2610      0.7390
----------------------------------------------------
  Mean VIF      6.93

                           Cond
        Eigenval          Index
---------------------------------
    1     7.2825          1.0000
    2     1.1335          2.5347
    3     0.6908          3.2469
    4     0.5152          3.7599
    5     0.1670          6.6028
    6     0.1264          7.5910
    7     0.0557         11.4367
    8     0.0200         19.0702
    9     0.0081         29.9559
    10     0.0008         96.4638
---------------------------------
 Condition Number        96.4638 
 Eigenvalues & Cond Index computed from scaled raw sscp (w/ intercept)
 Det(correlation matrix)    0.0007

. return list

scalars:
                 r(cn) =  96.46376263100744
              r(m_vif) =  6.933950933600364

. local meanvif = r(m_vif)

. 
. predict mrhat
(option mu assumed; Exponentiated linear prediction)
(735 missing values generated)

. gen resid2 = (mr - mrhat) ^ 2
(756 missing values generated)

. gen ssr = sum(resid2)

. egen mrmean = mean(mr)

. gen diff2 = (mr - mrmean) ^ 2
(21 missing values generated)

. egen sst = sum(diff2)

. dis 1 - ssr[_N] / sst[_N]
.3151319

. local r2 = 1 - ssr[_N] / sst[_N]

. 
. outreg2 using "$results/table2_v6.doc", append stats(coef se) ///
>         addstat("Mean VIF", `meanvif', "R2", `r2') drop(i.monthly i.stfips) no
> omit ///
>         label nodepvar ctitle("Black Protestant Urban") ///
>         dec(3) alpha(0.001, 0.01, 0.05) symbol(***, **, *)
results/table2_v6.doc
dir : seeout

. 
. ** black protestant south
. use "$data/resdata_all_religions_with_newvars.dta", clear

. merge m:1 countyfips year using "$data/county_newvars_racial_composition.dta",
>  gen(mg)

    Result                           # of obs.
    -----------------------------------------
    not matched                             0
    matched                           296,793  (mg==3)
    -----------------------------------------

. tab mg, mi

                     mg |      Freq.     Percent        Cum.
------------------------+-----------------------------------
            matched (3) |    296,793      100.00      100.00
------------------------+-----------------------------------
                  Total |    296,793      100.00

. keep if mg == 3
(0 observations deleted)

. keep if cate == 1
(258,275 observations deleted)

. keep if inlist(sfips, 12, 13, 45, 37, 51, 24, 10, 21, 47, 1, 28, 22, 5, 29, 40
> , 48)
(13,087 observations deleted)

. xtset countynum monthly
       panel variable:  countynum (strongly balanced)
        time variable:  monthly, 2021m2 to 2022m10
                delta:  1 month

. gen loginsur = log(insur)

. gen stfips = substr(countyfips, 1, 2)

. destring stfips, replace
stfips: all characters numeric; replaced as byte

. xtnbreg mr `ivs_religion' i.b1.met i.monthly i.stfips i.region, pa vce(robust)
note: 4.region omitted because of collinearity

Iteration 1: tolerance = .07141077
Iteration 2: tolerance = .01590421
Iteration 3: tolerance = .00271377
Iteration 4: tolerance = .00049141
Iteration 5: tolerance = .0000862
Iteration 6: tolerance = .00001512
Iteration 7: tolerance = 2.640e-06
Iteration 8: tolerance = 4.615e-07

GEE population-averaged model                   Number of obs     =     24,234
Group variable:                  countynum      Number of groups  =      1,154
Link:                                  log      Obs per group:
Family:             negative binomial(k=1)                    min =         21
Correlation:                  exchangeable                    avg =       21.0
                                                              max =         21
                                                Wald chi2(45)     =   87678.58
Scale parameter:                         1      Prob > chi2       =     0.0000

                              (Std. Err. adjusted for clustering on countynum)
------------------------------------------------------------------------------
             |             Semirobust
          mr |      Coef.   Std. Err.      z    P>|z|     [95% Conf. Interval]
-------------+----------------------------------------------------------------
     pct2020 |  -.1030037   .1700073    -0.61   0.545    -.4362119    .2302044
       trump |  -.5563886   .1419326    -3.92   0.000    -.8345714   -.2782059
  income1000 |   .0007971   .0024156     0.33   0.741    -.0039375    .0055317
     uninsur |  -1.892657   1.328053    -1.43   0.154    -4.495593    .7102783
        coll |     .45886   .1434416     3.20   0.001     .1777197    .7400003
      pcthis |   .5053077   .1542713     3.28   0.001     .2029415    .8076739
      pctbla |  -.2842031   .5261416    -0.54   0.589    -1.315422    .7470154
      pctwhi |  -.1795086   .4342342    -0.41   0.679    -1.030592    .6715749
      pctasi |  -1.499214   .5376369    -2.79   0.005    -2.552963   -.4454652
             |
       metro |
  Non-metro  |   .0268203     .02326     1.15   0.249    -.0187685    .0724091
             |
     monthly |
        734  |   .0830793   .0148653     5.59   0.000     .0539439    .1122147
        735  |   .4138883   .0155115    26.68   0.000     .3834864    .4442902
        736  |  -.2600955   .0200917   -12.95   0.000    -.2994745   -.2207165
        737  |  -.6857706   .0254372   -26.96   0.000    -.7356266   -.6359146
        738  |   -1.22931   .0202689   -60.65   0.000    -1.269036   -1.189583
        739  |  -.7550723   .0176465   -42.79   0.000    -.7896589   -.7204857
        740  |   .0638555   .0441853     1.45   0.148    -.0227462    .1504572
        741  |   .3159412   .0653217     4.84   0.000      .187913    .4439694
        742  |  -1.410683     .02235   -63.12   0.000    -1.454489   -1.366878
        743  |   -.003681   .0793086    -0.05   0.963    -.1591231    .1517611
        744  |  -.3745047   .0587809    -6.37   0.000    -.4897131   -.2592963
        745  |  -1.835382    .022813   -80.45   0.000    -1.880094   -1.790669
        746  |  -2.424094   .0259923   -93.26   0.000    -2.475038    -2.37315
        747  |  -2.506803   .0308249   -81.32   0.000    -2.567218   -2.446387
        748  |   -2.80779   .0293258   -95.74   0.000    -2.865267   -2.750312
        749  |  -2.477086   .0304156   -81.44   0.000    -2.536699   -2.417472
        750  |  -1.142296   .0233151   -48.99   0.000    -1.187993     -1.0966
        751  |   -1.00024   .0336595   -29.72   0.000    -1.066211   -.9342685
        752  |  -1.186269   .0334071   -35.51   0.000    -1.251746   -1.120793
        753  |  -.8364355   .0429378   -19.48   0.000     -.920592   -.7522791
             |
      stfips |
          5  |   .0752989   .0517723     1.45   0.146    -.0261729    .1767708
         10  |   .1460267   .0683606     2.14   0.033     .0120424    .2800111
         12  |   .1576586   .0299485     5.26   0.000     .0989607    .2163565
         13  |   .0844088   .1218931     0.69   0.489    -.1544973    .3233149
         21  |   .0874798   .0638186     1.37   0.170    -.0376023    .2125619
         22  |   .0147898   .0347238     0.43   0.670    -.0532675    .0828471
         24  |   .1740192   .0439923     3.96   0.000     .0877958    .2602426
         28  |   .1507609   .0514983     2.93   0.003     .0498261    .2516957
         29  |   .0073146   .0367111     0.20   0.842    -.0646377     .079267
         37  |   .2554844   .0264625     9.65   0.000     .2036189      .30735
         40  |   .1381183   .0462486     2.99   0.003     .0474726    .2287639
         45  |   .0982875   .0302424     3.25   0.001     .0390136    .1575615
         47  |    .013451   .0277594     0.48   0.628    -.0409564    .0678583
         48  |    .565712   .0597081     9.47   0.000     .4486862    .6827378
         51  |   -.016439   .0376902    -0.44   0.663    -.0903104    .0574324
             |
      region |
      South  |          0  (omitted)
       _cons |  -1.386556   .6839296    -2.03   0.043    -2.727034   -.0460787
------------------------------------------------------------------------------

. 
. regsave using "$data/reg_results_bps.dta", pval ci replace
(note: file data/reg_results_bps.dta not found)
file data/reg_results_bps.dta saved

. 
. collin `ivs_religion'
(obs=24,234)

  Collinearity Diagnostics

                        SQRT                   R-
  Variable      VIF     VIF    Tolerance    Squared
----------------------------------------------------
   pct2020      1.77    1.33    0.5662      0.4338
     trump      6.10    2.47    0.1640      0.8360
income1000      2.96    1.72    0.3374      0.6626
   uninsur      1.99    1.41    0.5017      0.4983
      coll      4.34    2.08    0.2302      0.7698
    pcthis      2.09    1.44    0.4794      0.5206
    pctbla     20.07    4.48    0.0498      0.9502
    pctwhi     18.14    4.26    0.0551      0.9449
    pctasi      2.45    1.57    0.4080      0.5920
----------------------------------------------------
  Mean VIF      6.66

                           Cond
        Eigenval          Index
---------------------------------
    1     7.2904          1.0000
    2     1.0548          2.6290
    3     0.7442          3.1300
    4     0.5341          3.6946
    5     0.1908          6.1813
    6     0.1102          8.1332
    7     0.0478         12.3459
    8     0.0208         18.7229
    9     0.0058         35.3346
    10     0.0011         82.6776
---------------------------------
 Condition Number        82.6776 
 Eigenvalues & Cond Index computed from scaled raw sscp (w/ intercept)
 Det(correlation matrix)    0.0006

. return list

scalars:
                 r(cn) =  82.6775676246082
              r(m_vif) =  6.656577334347909

. local meanvif = r(m_vif)

. 
. predict mrhat
(option mu assumed; Exponentiated linear prediction)
(1,197 missing values generated)

. gen resid2 = (mr - mrhat) ^ 2
(1,197 missing values generated)

. gen ssr = sum(resid2)

. egen mrmean = mean(mr)

. gen diff2 = (mr - mrmean) ^ 2

. egen sst = sum(diff2)

. dis 1 - ssr[_N] / sst[_N]
.28264026

. local r2 = 1 - ssr[_N] / sst[_N]

. 
. outreg2 using "$results/table2_v6.doc", append stats(coef se) ///
>         addstat("Mean VIF", `meanvif', "R2", `r2') drop(i.monthly i.stfips) no
> omit ///
>         label nodepvar ctitle("Black Protestant South") ///
>         dec(3) alpha(0.001, 0.01, 0.05) symbol(***, **, *)
results/table2_v6.doc
dir : seeout

. 
. ** islam urban
. use "$data/resdata_all_religions_with_newvars.dta", clear

. merge m:1 countyfips year using "$data/county_newvars_racial_composition.dta",
>  gen(mg)

    Result                           # of obs.
    -----------------------------------------
    not matched                             0
    matched                           296,793  (mg==3)
    -----------------------------------------

. tab mg, mi

                     mg |      Freq.     Percent        Cum.
------------------------+-----------------------------------
            matched (3) |    296,793      100.00      100.00
------------------------+-----------------------------------
                  Total |    296,793      100.00

. keep if mg == 3
(0 observations deleted)

. keep if cate == 4
(281,711 observations deleted)

. keep if metro == 1
(3,182 observations deleted)

. xtset countynum monthly
       panel variable:  countynum (unbalanced)
        time variable:  monthly, 2021m2 to 2022m10
                delta:  1 month

. gen loginsur = log(insur)

. gen stfips = substr(countyfips, 1, 2)

. destring stfips, replace
stfips: all characters numeric; replaced as byte

. xtnbreg mr `ivs_religion' i.b1.met i.monthly i.stfips i.region, pa vce(robust)
note: 2.region omitted because of collinearity
note: 3.region omitted because of collinearity
note: 4.region omitted because of collinearity

Iteration 1: tolerance = .06997496
Iteration 2: tolerance = .00435819
Iteration 3: tolerance = .00095384
Iteration 4: tolerance = .0001128
Iteration 5: tolerance = .0000261
Iteration 6: tolerance = 2.854e-06
Iteration 7: tolerance = 6.733e-07

GEE population-averaged model                   Number of obs     =     11,270
Group variable:                  countynum      Number of groups  =        540
Link:                                  log      Obs per group:
Family:             negative binomial(k=1)                    min =         11
Correlation:                  exchangeable                    avg =       20.9
                                                              max =         21
                                                Wald chi2(73)     =          .
Scale parameter:                         1      Prob > chi2       =          .

                              (Std. Err. adjusted for clustering on countynum)
------------------------------------------------------------------------------
             |             Semirobust
          mr |      Coef.   Std. Err.      z    P>|z|     [95% Conf. Interval]
-------------+----------------------------------------------------------------
     pct2020 |  -.7276168   .4850657    -1.50   0.134    -1.678328    .2230945
       trump |  -.7274688   .1140458    -6.38   0.000    -.9509944   -.5039431
  income1000 |    .004221   .0006456     6.54   0.000     .0029556    .0054863
     uninsur |   .1859695   .6166621     0.30   0.763    -1.022666    1.394605
        coll |   .0671165   .1219404     0.55   0.582    -.1718822    .3061152
      pcthis |   .6575787   .1937685     3.39   0.001     .2777995    1.037358
      pctbla |   .4861742   .3811238     1.28   0.202    -.2608148    1.233163
      pctwhi |   .5820908   .4011871     1.45   0.147    -.2042216    1.368403
      pctasi |   .5569412   .4333705     1.29   0.199    -.2924494    1.406332
             |
     monthly |
        734  |   .3455328   .0176723    19.55   0.000     .3108958    .3801698
        735  |   .7826959   .0172824    45.29   0.000     .7488231    .8165687
        736  |   .4149934   .0266452    15.57   0.000     .3627698    .4672169
        737  |  -.1644556   .0233681    -7.04   0.000    -.2102563    -.118655
        738  |  -.9566108     .02835   -33.74   0.000    -1.012176   -.9010459
        739  |  -.5349852   .0825991    -6.48   0.000    -.6968766   -.3730939
        740  |  -.1874764    .068663    -2.73   0.006    -.3220534   -.0528994
        741  |  -.0237935   .1087065    -0.22   0.827    -.2368544    .1892675
        742  |  -1.310619   .0323227   -40.55   0.000    -1.373971   -1.247268
        743  |   -.576917   .0745277    -7.74   0.000    -.7229886   -.4308455
        744  |  -.7484479   .0699536   -10.70   0.000    -.8855544   -.6113413
        745  |  -1.564376   .0329233   -47.52   0.000    -1.628904   -1.499847
        746  |  -2.239481   .0464614   -48.20   0.000    -2.330543   -2.148418
        747  |  -2.244062   .0386072   -58.13   0.000     -2.31973   -2.168393
        748  |  -2.490109   .0346769   -71.81   0.000    -2.558074   -2.422143
        749  |  -2.203529   .0378727   -58.18   0.000    -2.277759     -2.1293
        750  |  -.9703829   .0327012   -29.67   0.000    -1.034476   -.9062896
        751  |  -.9157462   .0325887   -28.10   0.000     -.979619   -.8518735
        752  |  -.7970216   .0390248   -20.42   0.000    -.8735088   -.7205343
        753  |  -.4543666   .0329425   -13.79   0.000    -.5189327   -.3898005
             |
      stfips |
          4  |   .1129408   .0773291     1.46   0.144    -.0386215     .264503
          5  |   .2165899   .0477029     4.54   0.000      .123094    .3100858
          6  |  -.0526698    .073477    -0.72   0.473    -.1966822    .0913426
          8  |   .1845938   .0639883     2.88   0.004      .059179    .3100086
          9  |   .1705752   .0650889     2.62   0.009     .0430033    .2981471
         10  |   .0795528   .0494959     1.61   0.108    -.0174574     .176563
         12  |   .0831877   .0509757     1.63   0.103    -.0167229    .1830983
         13  |  -.0567482   .0458168    -1.24   0.215    -.1465474    .0330509
         16  |   .1503114   .0541608     2.78   0.006     .0441581    .2564646
         17  |   .1915409   .0604554     3.17   0.002     .0730505    .3100313
         18  |     .04921    .055002     0.89   0.371    -.0585919    .1570118
         19  |   .0523918   .0570352     0.92   0.358     -.059395    .1641787
         20  |      .1008   .0824731     1.22   0.222    -.0608444    .2624443
         21  |   .2175206   .0796035     2.73   0.006     .0615005    .3735407
         22  |   .0378659   .0475403     0.80   0.426    -.0553114    .1310432
         23  |   .2780015   .0563973     4.93   0.000     .1674648    .3885383
         24  |   .1385944   .0534221     2.59   0.009     .0338891    .2432997
         25  |    .097366   .0705122     1.38   0.167    -.0408353    .2355674
         26  |  -.0739506   .0566725    -1.30   0.192    -.1850266    .0371253
         27  |   .0780384     .06011     1.30   0.194    -.0397751    .1958519
         28  |    .093636   .0556469     1.68   0.092      -.01543     .202702
         29  |   .0454121   .0510065     0.89   0.373    -.0545588    .1453829
         30  |  -.0080985   .0573303    -0.14   0.888    -.1204638    .1042668
         31  |   .1182852   .0582693     2.03   0.042     .0040794    .2324909
         32  |   -.011469   .0573353    -0.20   0.841    -.1238442    .1009062
         33  |   .3449365    .057389     6.01   0.000     .2324562    .4574168
         34  |   .0569168   .0564929     1.01   0.314    -.0538072    .1676409
         35  |   .0488468   .0939656     0.52   0.603    -.1353224     .233016
         36  |   .1515092   .0629474     2.41   0.016     .0281346    .2748838
         37  |   .2976047   .0458309     6.49   0.000     .2077778    .3874315
         38  |   .1106915   .0561383     1.97   0.049     .0006624    .2207207
         39  |   .0833844   .0495486     1.68   0.092    -.0137291    .1804978
         40  |   .3474155    .089139     3.90   0.000     .1727063    .5221247
         41  |   .0058185   .0627146     0.09   0.926    -.1170999    .1287368
         42  |   .2821187   .0561046     5.03   0.000     .1721557    .3920818
         44  |   .1988096   .0717923     2.77   0.006     .0580994    .3395199
         45  |    .047132   .0524451     0.90   0.369    -.0556584    .1499224
         46  |   .3737907   .0463355     8.07   0.000     .2829749    .4646065
         47  |   .0618446   .0495654     1.25   0.212    -.0353018    .1589909
         48  |   .1168027   .0656969     1.78   0.075    -.0119609    .2455663
         49  |   .1731032   .0522486     3.31   0.001     .0706978    .2755086
         50  |   .0923499   .0690743     1.34   0.181    -.0430333     .227733
         51  |  -.1637132    .064974    -2.52   0.012    -.2910599   -.0363665
         53  |   .1499651   .0655183     2.29   0.022     .0215516    .2783786
         54  |   .3377429   .0543707     6.21   0.000     .2311783    .4443074
         55  |   .0929577   .0569517     1.63   0.103    -.0186655     .204581
         56  |   .1119102   .0489772     2.28   0.022     .0159166    .2079038
             |
      region |
    Midwest  |          0  (omitted)
       West  |          0  (omitted)
      South  |          0  (omitted)
             |
       _cons |  -2.412501   .3927505    -6.14   0.000    -3.182278   -1.642724
------------------------------------------------------------------------------

. 
. regsave using "$data/reg_results_isu.dta", pval ci replace
(note: file data/reg_results_isu.dta not found)
file data/reg_results_isu.dta saved

. 
. collin `ivs_religion'
(obs=11,291)

  Collinearity Diagnostics

                        SQRT                   R-
  Variable      VIF     VIF    Tolerance    Squared
----------------------------------------------------
   pct2020      1.28    1.13    0.7799      0.2201
     trump      3.42    1.85    0.2920      0.7080
income1000      2.89    1.70    0.3460      0.6540
   uninsur      2.52    1.59    0.3962      0.6038
      coll      3.79    1.95    0.2638      0.7362
    pcthis      4.90    2.21    0.2040      0.7960
    pctbla     20.29    4.50    0.0493      0.9507
    pctwhi     23.10    4.81    0.0433      0.9567
    pctasi      5.14    2.27    0.1944      0.8056
----------------------------------------------------
  Mean VIF      7.48

                           Cond
        Eigenval          Index
---------------------------------
    1     7.5170          1.0000
    2     0.7680          3.1286
    3     0.6683          3.3538
    4     0.5244          3.7859
    5     0.3348          4.7384
    6     0.1002          8.6602
    7     0.0565         11.5396
    8     0.0209         18.9837
    9     0.0093         28.4337
    10     0.0007        105.3468
---------------------------------
 Condition Number       105.3468 
 Eigenvalues & Cond Index computed from scaled raw sscp (w/ intercept)
 Det(correlation matrix)    0.0014

. return list

scalars:
                 r(cn) =  105.3468354843995
              r(m_vif) =  7.483972863800714

. local meanvif = r(m_vif)

. 
. predict mrhat
(option mu assumed; Exponentiated linear prediction)
(609 missing values generated)

. gen resid2 = (mr - mrhat) ^ 2
(630 missing values generated)

. gen ssr = sum(resid2)

. egen mrmean = mean(mr)

. gen diff2 = (mr - mrmean) ^ 2
(21 missing values generated)

. egen sst = sum(diff2)

. dis 1 - ssr[_N] / sst[_N]
.37875157

. local r2 = 1 - ssr[_N] / sst[_N]

. 
. outreg2 using "$results/table2_v6.doc", append stats(coef se) ///
>         addstat("Mean VIF", `meanvif', "R2", `r2') drop(i.monthly i.stfips) no
> omit ///
>         label nodepvar ctitle("Islam Urban") ///
>         dec(3) alpha(0.001, 0.01, 0.05) symbol(***, **, *)
results/table2_v6.doc
dir : seeout

. 
. ** islam-foreign born interaction
. use "$data/resdata_all_religions_with_newvars.dta", clear

. merge m:1 countyfips year using "$data/county_newvars_racial_composition.dta",
>  gen(mg)

    Result                           # of obs.
    -----------------------------------------
    not matched                             0
    matched                           296,793  (mg==3)
    -----------------------------------------

. tab mg, mi

                     mg |      Freq.     Percent        Cum.
------------------------+-----------------------------------
            matched (3) |    296,793      100.00      100.00
------------------------+-----------------------------------
                  Total |    296,793      100.00

. keep if mg == 3
(0 observations deleted)

. gen pct2020_fborn = pct2020 * fborn
(16,485 missing values generated)

. keep if cate == 4
(281,711 observations deleted)

. xtset countynum monthly
       panel variable:  countynum (unbalanced)
        time variable:  monthly, 2021m2 to 2022m10
                delta:  1 month

. gen loginsur = log(insur)

. gen stfips = substr(countyfips, 1, 2)

. destring stfips, replace
stfips: all characters numeric; replaced as byte

. xtnbreg mr pct2020 c.pct2020#c.fborn trump income1000 uninsur fborn coll pcthi
> s pctbla pctwhi pctasi i.b1.met i.monthly i.stfips i.region, pa vce(robust)
note: 2.region omitted because of collinearity
note: 3.region omitted because of collinearity
note: 4.region omitted because of collinearity

Iteration 1: tolerance = .14618203
Iteration 2: tolerance = .00466924
Iteration 3: tolerance = .00072433
Iteration 4: tolerance = .00008981
Iteration 5: tolerance = .00001885
Iteration 6: tolerance = 2.106e-06
Iteration 7: tolerance = 4.523e-07

GEE population-averaged model                   Number of obs     =     13,843
Group variable:                  countynum      Number of groups  =        663
Link:                                  log      Obs per group:
Family:             negative binomial(k=1)                    min =         11
Correlation:                  exchangeable                    avg =       20.9
                                                              max =         21
                                                Wald chi2(79)     =   57403.61
Scale parameter:                         1      Prob > chi2       =     0.0000

                              (Std. Err. adjusted for clustering on countynum)
------------------------------------------------------------------------------
             |             Semirobust
          mr |      Coef.   Std. Err.      z    P>|z|     [95% Conf. Interval]
-------------+----------------------------------------------------------------
     pct2020 |   .2400744   .2414453     0.99   0.320    -.2331497    .7132984
             |
   c.pct2020#|
     c.fborn |  -2.468075   2.852386    -0.87   0.387    -8.058649    3.122499
             |
       trump |  -.8425066   .1060475    -7.94   0.000    -1.050356   -.6346573
  income1000 |   .0043867   .0006232     7.04   0.000     .0031652    .0056083
     uninsur |   .2322305   .6738484     0.34   0.730    -1.088488    1.552949
       fborn |  -.2626557   .3794285    -0.69   0.489    -1.006322    .4810105
        coll |   -.022856   .1096408    -0.21   0.835    -.2377481    .1920361
      pcthis |    .414133   .2479217     1.67   0.095    -.0717846    .9000507
      pctbla |  -.5006923   .4417921    -1.13   0.257    -1.366589    .3652042
      pctwhi |  -.2679089   .4029718    -0.66   0.506    -1.057719    .5219012
      pctasi |  -.1229135   .5346421    -0.23   0.818    -1.170793    .9249658
             |
       metro |
  Non-metro  |  -.0104385   .0211957    -0.49   0.622    -.0519812    .0311043
             |
     monthly |
        734  |   .3519586   .0166987    21.08   0.000     .3192298    .3846874
        735  |   .7641037   .0171521    44.55   0.000     .7304863    .7977211
        736  |   .3586755   .0262784    13.65   0.000     .3071708    .4101802
        737  |  -.2190004   .0221987    -9.87   0.000    -.2625091   -.1754916
        738  |  -1.005488   .0255744   -39.32   0.000    -1.055613   -.9553635
        739  |  -.6046376   .0719836    -8.40   0.000    -.7457228   -.4635524
        740  |  -.1866724   .0617087    -3.03   0.002    -.3076192   -.0657256
        741  |  -.0650192   .0965601    -0.67   0.501    -.2542735    .1242351
        742  |  -1.341144   .0290556   -46.16   0.000    -1.398092   -1.284196
        743  |  -.5194539   .0787195    -6.60   0.000    -.6737413   -.3651665
        744  |  -.8031625   .0659219   -12.18   0.000     -.932367   -.6739581
        745  |  -1.621243   .0296748   -54.63   0.000    -1.679405   -1.563082
        746  |  -2.275028   .0428117   -53.14   0.000    -2.358937   -2.191118
        747  |  -2.303422    .035004   -65.80   0.000    -2.372028   -2.234815
        748  |  -2.536597   .0316682   -80.10   0.000    -2.598665   -2.474528
        749  |  -2.238311   .0368734   -60.70   0.000    -2.310582    -2.16604
        750  |  -1.019973   .0298851   -34.13   0.000    -1.078546   -.9613991
        751  |  -.9679238   .0296351   -32.66   0.000    -1.026008   -.9098401
        752  |  -.8751296   .0356585   -24.54   0.000     -.945019   -.8052403
        753  |  -.5158873   .0307824   -16.76   0.000    -.5762198   -.4555549
             |
      stfips |
          4  |   .0174355   .0768881     0.23   0.821    -.1332625    .1681335
          5  |    .157823   .0488841     3.23   0.001     .0620119    .2536342
          6  |  -.1484533   .0761602    -1.95   0.051    -.2977246     .000818
          8  |   .1408056   .0626873     2.25   0.025     .0179408    .2636704
          9  |    .131865   .0633058     2.08   0.037     .0077879     .255942
         10  |   .0518683   .0463795     1.12   0.263    -.0390339    .1427704
         12  |   .0840842   .0501881     1.68   0.094    -.0142827    .1824511
         13  |  -.0716866   .0451478    -1.59   0.112    -.1601746    .0168014
         16  |   .1110341   .0576738     1.93   0.054    -.0020044    .2240726
         17  |   .1433271   .0557091     2.57   0.010     .0341394    .2525149
         18  |  -.0060658   .0548051    -0.11   0.912    -.1134818    .1013502
         19  |  -.0020409   .0564366    -0.04   0.971    -.1126546    .1085728
         20  |   .0264399    .070207     0.38   0.706    -.1111633    .1640431
         21  |     .16005   .0587096     2.73   0.006     .0449812    .2751187
         22  |   .0311563   .0440871     0.71   0.480    -.0552528    .1175655
         23  |   .2104176   .0560721     3.75   0.000     .1005184    .3203168
         24  |     .10417   .0503169     2.07   0.038     .0055506    .2027893
         25  |   .0484527   .0694171     0.70   0.485    -.0876023    .1845076
         26  |  -.1237443   .0546022    -2.27   0.023    -.2307626   -.0167259
         27  |   .0254426   .0569353     0.45   0.655    -.0861486    .1370339
         28  |   .0894011   .0464659     1.92   0.054    -.0016703    .1804725
         29  |   .0086997   .0503703     0.17   0.863    -.0900244    .1074237
         30  |  -.0770334   .0586608    -1.31   0.189    -.1920064    .0379395
         31  |    .051785   .0571745     0.91   0.365    -.0602749     .163845
         32  |  -.1011293   .0683241    -1.48   0.139    -.2350421    .0327835
         33  |   .3065647   .0559459     5.48   0.000     .1969128    .4162166
         34  |   .0278719   .0526747     0.53   0.597    -.0753687    .1311124
         35  |   .0765882   .1109294     0.69   0.490    -.1408294    .2940058
         36  |   .0957188   .0605415     1.58   0.114    -.0229403     .214378
         37  |   .2424181   .0492645     4.92   0.000     .1458615    .3389748
         38  |  -.0058808   .0996459    -0.06   0.953    -.2011831    .1894215
         39  |   .0339885   .0491073     0.69   0.489    -.0622599     .130237
         40  |   .1721198   .0958144     1.80   0.072    -.0156729    .3599125
         41  |  -.0566162   .0613052    -0.92   0.356    -.1767722    .0635399
         42  |   .2390558   .0531771     4.50   0.000     .1348305    .3432811
         44  |    .156048   .0728557     2.14   0.032     .0132534    .2988426
         45  |   .0620686    .046566     1.33   0.183    -.0291991    .1533362
         46  |   .1760711    .089871     1.96   0.050    -.0000727     .352215
         47  |   .0372218   .0475999     0.78   0.434    -.0560722    .1305158
         48  |   .1839578   .0749048     2.46   0.014     .0371472    .3307684
         49  |   .1188542   .0575746     2.06   0.039     .0060101    .2316983
         50  |   .0428595   .0648962     0.66   0.509    -.0843348    .1700537
         51  |  -.2101101   .0615766    -3.41   0.001    -.3307981   -.0894222
         53  |   .0543833   .0679218     0.80   0.423     -.078741    .1875076
         54  |   .3082672   .0627781     4.91   0.000     .1852245      .43131
         55  |   .0282462   .0546597     0.52   0.605    -.0788848    .1353772
         56  |  -.0956023   .1157865    -0.83   0.409    -.3225396    .1313351
             |
      region |
    Midwest  |          0  (omitted)
       West  |          0  (omitted)
      South  |          0  (omitted)
             |
       _cons |  -1.432819   .4269073    -3.36   0.001    -2.269542    -.596096
------------------------------------------------------------------------------

. 
. regsave using "$data/reg_results_isfborn.dta", pval ci replace
(note: file data/reg_results_isfborn.dta not found)
file data/reg_results_isfborn.dta saved

. 
. collin pct2020 pct2020_fborn trump income1000 uninsur fborn coll
(obs=13,864)

  Collinearity Diagnostics

                        SQRT                   R-
  Variable      VIF     VIF    Tolerance    Squared
----------------------------------------------------
   pct2020      2.04    1.43    0.4900      0.5100
pct2020_fborn      3.12    1.77    0.3207      0.6793
     trump      1.89    1.37    0.5294      0.4706
income1000      2.79    1.67    0.3587      0.6413
   uninsur      1.54    1.24    0.6478      0.3522
     fborn      3.01    1.74    0.3321      0.6679
      coll      2.69    1.64    0.3724      0.6276
----------------------------------------------------
  Mean VIF      2.44

                           Cond
        Eigenval          Index
---------------------------------
    1     5.6999          1.0000
    2     1.3427          2.0603
    3     0.4864          3.4231
    4     0.2386          4.8879
    5     0.1369          6.4517
    6     0.0652          9.3473
    7     0.0182         17.6786
    8     0.0120         21.7884
---------------------------------
 Condition Number        21.7884 
 Eigenvalues & Cond Index computed from scaled raw sscp (w/ intercept)
 Det(correlation matrix)    0.0445

. return list

scalars:
                 r(cn) =  21.78838401675075
              r(m_vif) =  2.439390147680214

. local meanvif = r(m_vif)

. 
. predict mrhat
(option mu assumed; Exponentiated linear prediction)
(1,218 missing values generated)

. gen resid2 = (mr - mrhat) ^ 2
(1,239 missing values generated)

. gen ssr = sum(resid2)

. egen mrmean = mean(mr)

. gen diff2 = (mr - mrmean) ^ 2
(21 missing values generated)

. egen sst = sum(diff2)

. dis 1 - ssr[_N] / sst[_N]
.38555593

. local r2 = 1 - ssr[_N] / sst[_N]

. 
. outreg2 using "$results/table2_v6.doc", append stats(coef se) ///
>         addstat("Mean VIF", `meanvif', "R2", `r2') drop(i.monthly i.stfips) no
> omit ///
>         label nodepvar ctitle("Islam-Foreign born Interaction") ///
>         dec(3) alpha(0.001, 0.01, 0.05) symbol(***, **, *)
results/table2_v6.doc
dir : seeout

. 
. *==========================================================
. * delete txt file
. *==========================================================
. cd "$results"
F:\OneDrive - southalabama.edu\covid_religion\results

. local txtfiles: dir . files "*.txt"

. foreach txt of local txtfiles {
  2.         erase `txt'
  3. }

. 
. *==========================================================
. * end logging
. *==========================================================
. // clear
. log close _all
      name:  <unnamed>
       log:  F:\OneDrive - southalabama.edu\covid_religion\results/table2_v6.log
  log type:  text
 closed on:  19 Aug 2025, 14:55:30
--------------------------------------------------------------------------------
